ds,y,y_lag365
2014-01-01,24,24
2014-01-02,12,12
2014-01-03,7,7
2014-01-04,8,8
2014-01-05,22,22
2014-01-06,-7,-7
2014-01-07,-9,-9
2014-01-08,2,2
2014-01-09,18,18
2014-01-10,30,30
2014-01-11,37,37
2014-01-12,30,30
2014-01-13,32,32
2014-01-14,34,34
2014-01-15,24,24
2014-01-16,17,17
2014-01-17,23,23
2014-01-18,10,10
2014-01-19,17,17
2014-01-20,24,24
2014-01-21,2,2
2014-01-22,-5,-5
2014-01-23,5,5
2014-01-24,1,1
2014-01-25,13,13
2014-01-26,7,7
2014-01-27,1,1
2014-01-28,-8,-8
2014-01-29,-4,-4
2014-01-30,3,3
2014-01-31,32,32
2014-02-01,32,32
2014-02-02,27,27
2014-02-03,20,20
2014-02-04,16,16
2014-02-05,21,21
2014-02-06,11,11
2014-02-07,9,9
2014-02-08,4,4
2014-02-09,16,16
2014-02-10,9,9
2014-02-11,2,2
2014-02-12,3,3
2014-02-13,22,22
2014-02-14,25,25
2014-02-15,12,12
2014-02-16,12,12
2014-02-17,4,4
2014-02-18,30,30
2014-02-19,31,31
2014-02-20,26,26
2014-02-21,37,37
2014-02-22,37,37
2014-02-23,28,28
2014-02-24,23,23
2014-02-25,19,19
2014-02-26,14,14
2014-02-27,6,6
2014-02-28,2,2
2014-03-01,18,18
2014-03-02,14,14
2014-03-03,8,8
2014-03-04,5,5
2014-03-05,18,18
2014-03-06,17,17
2014-03-07,24,24
2014-03-08,30,30
2014-03-09,19,19
2014-03-10,36,36
2014-03-11,46,46
2014-03-12,17,17
2014-03-13,10,10
2014-03-14,26,26
2014-03-15,32,32
2014-03-16,24,24
2014-03-17,25,25
2014-03-18,28,28
2014-03-19,37,37
2014-03-20,36,36
2014-03-21,25,25
2014-03-22,36,36
2014-03-23,19,19
2014-03-24,14,14
2014-03-25,21,21
2014-03-26,16,16
2014-03-27,18,18
2014-03-28,41,41
2014-03-29,34,34
2014-03-30,32,32
2014-03-31,26,26
2014-04-01,38,38
2014-04-02,43,43
2014-04-03,44,44
2014-04-04,44,44
2014-04-05,34,34
2014-04-06,27,27
2014-04-07,45,45
2014-04-08,42,42
2014-04-09,39,39
2014-04-10,38,38
2014-04-11,45,45
2014-04-12,35,35
2014-04-13,62,62
2014-04-14,61,61
2014-04-15,28,28
2014-04-16,25,25
2014-04-17,35,35
2014-04-18,41,41
2014-04-19,45,45
2014-04-20,43,43
2014-04-21,47,47
2014-04-22,47,47
2014-04-23,38,38
2014-04-24,30,30
2014-04-25,46,46
2014-04-26,43,43
2014-04-27,35,35
2014-04-28,45,45
2014-04-29,50,50
2014-04-30,49,49
2014-05-01,52,52
2014-05-02,48,48
2014-05-03,49,49
2014-05-04,45,45
2014-05-05,35,35
2014-05-06,43,43
2014-05-07,47,47
2014-05-08,53,53
2014-05-09,62,62
2014-05-10,58,58
2014-05-11,56,56
2014-05-12,60,60
2014-05-13,62,62
2014-05-14,64,64
2014-05-15,52,52
2014-05-16,45,45
2014-05-17,45,45
2014-05-18,41,41
2014-05-19,40,40
2014-05-20,48,48
2014-05-21,60,60
2014-05-22,57,57
2014-05-23,50,50
2014-05-24,48,48
2014-05-25,49,49
2014-05-26,53,53
2014-05-27,64,64
2014-05-28,65,65
2014-05-29,62,62
2014-05-30,59,59
2014-05-31,55,55
2014-06-01,56,56
2014-06-02,65,65
2014-06-03,69,69
2014-06-04,59,59
2014-06-05,55,55
2014-06-06,50,50
2014-06-07,53,53
2014-06-08,60,60
2014-06-09,61,61
2014-06-10,59,59
2014-06-11,64,64
2014-06-12,66,66
2014-06-13,61,61
2014-06-14,52,52
2014-06-15,51,51
2014-06-16,61,61
2014-06-17,67,67
2014-06-18,68,68
2014-06-19,67,67
2014-06-20,61,61
2014-06-21,63,63
2014-06-22,59,59
2014-06-23,64,64
2014-06-24,69,69
2014-06-25,67,67
2014-06-26,64,64
2014-06-27,64,64
2014-06-28,68,68
2014-06-29,70,70
2014-06-30,69,69
2014-07-01,72,72
2014-07-02,71,71
2014-07-03,64,64
2014-07-04,58,58
2014-07-05,51,51
2014-07-06,57,57
2014-07-07,68,68
2014-07-08,68,68
2014-07-09,65,65
2014-07-10,63,63
2014-07-11,62,62
2014-07-12,65,65
2014-07-13,72,72
2014-07-14,68,68
2014-07-15,63,63
2014-07-16,55,55
2014-07-17,52,52
2014-07-18,57,57
2014-07-19,63,63
2014-07-20,64,64
2014-07-21,68,68
2014-07-22,69,69
2014-07-23,66,66
2014-07-24,61,61
2014-07-25,52,52
2014-07-26,63,63
2014-07-27,68,68
2014-07-28,57,57
2014-07-29,52,52
2014-07-30,53,53
2014-07-31,57,57
2014-08-01,59,59
2014-08-02,65,65
2014-08-03,64,64
2014-08-04,57,57
2014-08-05,61,61
2014-08-06,64,64
2014-08-07,56,56
2014-08-08,57,57
2014-08-09,59,59
2014-08-10,64,64
2014-08-11,63,63
2014-08-12,64,64
2014-08-13,57,57
2014-08-14,54,54
2014-08-15,50,50
2014-08-16,49,49
2014-08-17,66,66
2014-08-18,64,64
2014-08-19,65,65
2014-08-20,64,64
2014-08-21,66,66
2014-08-22,67,67
2014-08-23,69,69
2014-08-24,64,64
2014-08-25,61,61
2014-08-26,59,59
2014-08-27,67,67
2014-08-28,60,60
2014-08-29,51,51
2014-08-30,62,62
2014-08-31,70,70
2014-09-01,69,69
2014-09-02,68,68
2014-09-03,62,62
2014-09-04,61,61
2014-09-05,65,65
2014-09-06,60,60
2014-09-07,53,53
2014-09-08,54,54
2014-09-09,64,64
2014-09-10,65,65
2014-09-11,56,56
2014-09-12,54,54
2014-09-13,48,48
2014-09-14,42,42
2014-09-15,42,42
2014-09-16,54,54
2014-09-17,49,49
2014-09-18,52,52
2014-09-19,49,49
2014-09-20,57,57
2014-09-21,57,57
2014-09-22,46,46
2014-09-23,39,39
2014-09-24,49,49
2014-09-25,53,53
2014-09-26,51,51
2014-09-27,51,51
2014-09-28,52,52
2014-09-29,54,54
2014-09-30,53,53
2014-10-01,54,54
2014-10-02,50,50
2014-10-03,59,59
2014-10-04,38,38
2014-10-05,40,40
2014-10-06,47,47
2014-10-07,50,50
2014-10-08,48,48
2014-10-09,44,44
2014-10-10,45,45
2014-10-11,46,46
2014-10-12,38,38
2014-10-13,54,54
2014-10-14,60,60
2014-10-15,55,55
2014-10-16,51,51
2014-10-17,52,52
2014-10-18,46,46
2014-10-19,41,41
2014-10-20,42,42
2014-10-21,46,46
2014-10-22,45,45
2014-10-23,43,43
2014-10-24,36,36
2014-10-25,46,46
2014-10-26,43,43
2014-10-27,33,33
2014-10-28,56,56
2014-10-29,42,42
2014-10-30,36,36
2014-10-31,41,41
2014-11-01,33,33
2014-11-02,33,33
2014-11-03,30,30
2014-11-04,46,46
2014-11-05,47,47
2014-11-06,44,44
2014-11-07,30,30
2014-11-08,29,29
2014-11-09,40,40
2014-11-10,40,40
2014-11-11,47,47
2014-11-12,36,36
2014-11-13,27,27
2014-11-14,24,24
2014-11-15,23,23
2014-11-16,28,28
2014-11-17,19,19
2014-11-18,14,14
2014-11-19,14,14
2014-11-20,22,22
2014-11-21,16,16
2014-11-22,16,16
2014-11-23,45,45
2014-11-24,42,42
2014-11-25,29,29
2014-11-26,30,30
2014-11-27,29,29
2014-11-28,23,23
2014-11-29,28,28
2014-11-30,53,53
2014-12-01,28,28
2014-12-02,26,26
2014-12-03,30,30
2014-12-04,27,27
2014-12-05,31,31
2014-12-06,34,34
2014-12-07,28,28
2014-12-08,29,29
2014-12-09,32,32
2014-12-10,29,29
2014-12-11,26,26
2014-12-12,27,27
2014-12-13,27,27
2014-12-14,38,38
2014-12-15,36,36
2014-12-16,37,37
2014-12-17,28,28
2014-12-18,28,28
2014-12-19,27,27
2014-12-20,26,26
2014-12-21,26,26
2014-12-22,23,23
2014-12-23,39,39
2014-12-24,42,42
2014-12-25,38,38
2014-12-26,30,30
2014-12-27,34,34
2014-12-28,34,34
2014-12-29,25,25
2014-12-30,19,19
2014-12-31,17,17
2015-01-01,20,24
2015-01-02,25,12
2015-01-03,26,7
2015-01-04,32,8
2015-01-05,14,22
2015-01-06,13,-7
2015-01-07,2,-9
2015-01-08,-1,2
2015-01-09,5,18
2015-01-10,0,30
2015-01-11,10,37
2015-01-12,26,30
2015-01-13,14,32
2015-01-14,12,34
2015-01-15,17,24
2015-01-16,22,17
2015-01-17,18,23
2015-01-18,34,10
2015-01-19,29,17
2015-01-20,29,24
2015-01-21,31,2
2015-01-22,29,-5
2015-01-23,28,5
2015-01-24,26,1
2015-01-25,29,13
2015-01-26,20,7
2015-01-27,16,1
2015-01-28,10,-8
2015-01-29,16,-4
2015-01-30,9,3
2015-01-31,5,32
2015-02-01,26,32
2015-02-02,11,27
2015-02-03,8,20
2015-02-04,25,16
2015-02-05,6,21
2015-02-06,5,11
2015-02-07,24,9
2015-02-08,38,4
2015-02-09,21,16
2015-02-10,19,9
2015-02-11,17,2
2015-02-12,5,3
2015-02-13,2,22
2015-02-14,3,25
2015-02-15,-4,12
2015-02-16,-6,12
2015-02-17,2,4
2015-02-18,6,30
2015-02-19,-3,31
2015-02-20,-8,26
2015-02-21,11,37
2015-02-22,22,37
2015-02-23,-1,28
2015-02-24,-9,23
2015-02-25,21,19
2015-02-26,10,14
2015-02-27,3,6
2015-02-28,-1,2
2015-03-01,20,18
2015-03-02,17,14
2015-03-03,16,8
2015-03-04,28,5
2015-03-05,5,18
2015-03-06,-3,17
2015-03-07,15,24
2015-03-08,34,30
2015-03-09,37,19
2015-03-10,33,36
2015-03-11,31,46
2015-03-12,26,17
2015-03-13,35,10
2015-03-14,40,26
2015-03-15,32,32
2015-03-16,32,24
2015-03-17,29,25
2015-03-18,24,28
2015-03-19,29,37
2015-03-20,33,36
2015-03-21,36,25
2015-03-22,25,36
2015-03-23,20,19
2015-03-24,29,14
2015-03-25,33,21
2015-03-26,37,16
2015-03-27,22,18
2015-03-28,15,41
2015-03-29,15,34
2015-03-30,36,32
2015-03-31,33,26
2015-04-01,26,38
2015-04-02,39,43
2015-04-03,43,44
2015-04-04,34,44
2015-04-05,42,34
2015-04-06,37,27
2015-04-07,53,45
2015-04-08,56,42
2015-04-09,56,39
2015-04-10,52,38
2015-04-11,44,45
2015-04-12,33,35
2015-04-13,52,62
2015-04-14,51,61
2015-04-15,44,28
2015-04-16,50,25
2015-04-17,56,35
2015-04-18,46,41
2015-04-19,54,45
2015-04-20,51,43
2015-04-21,40,47
2015-04-22,37,47
2015-04-23,34,38
2015-04-24,28,30
2015-04-25,33,46
2015-04-26,40,43
2015-04-27,37,35
2015-04-28,37,45
2015-04-29,38,50
2015-04-30,49,49
2015-05-01,47,52
2015-05-02,44,48
2015-05-03,49,49
2015-05-04,50,45
2015-05-05,59,35
2015-05-06,55,43
2015-05-07,57,47
2015-05-08,59,53
2015-05-09,67,62
2015-05-10,65,58
2015-05-11,66,56
2015-05-12,54,60
2015-05-13,47,62
2015-05-14,38,64
2015-05-15,55,52
2015-05-16,66,45
2015-05-17,65,45
2015-05-18,67,41
2015-05-19,53,40
2015-05-20,48,48
2015-05-21,46,60
2015-05-22,44,57
2015-05-23,38,50
2015-05-24,47,48
2015-05-25,60,49
2015-05-26,67,53
2015-05-27,66,64
2015-05-28,61,65
2015-05-29,61,62
2015-05-30,68,59
2015-05-31,60,55
2015-06-01,49,56
2015-06-02,53,65
2015-06-03,54,69
2015-06-04,56,59
2015-06-05,62,55
2015-06-06,59,50
2015-06-07,53,53
2015-06-08,65,60
2015-06-09,62,61
2015-06-10,58,59
2015-06-11,74,64
2015-06-12,67,66
2015-06-13,69,61
2015-06-14,69,52
2015-06-15,70,51
2015-06-16,67,61
2015-06-17,57,67
2015-06-18,67,68
2015-06-19,67,67
2015-06-20,66,61
2015-06-21,69,63
2015-06-22,67,59
2015-06-23,66,64
2015-06-24,59,69
2015-06-25,64,67
2015-06-26,63,64
2015-06-27,64,64
2015-06-28,57,68
2015-06-29,54,70
2015-06-30,62,69
2015-07-01,61,72
2015-07-02,60,71
2015-07-03,57,64
2015-07-04,66,58
2015-07-05,58,51
2015-07-06,70,57
2015-07-07,67,68
2015-07-08,64,68
2015-07-09,67,65
2015-07-10,64,63
2015-07-11,63,62
2015-07-12,63,65
2015-07-13,67,72
2015-07-14,67,68
2015-07-15,61,63
2015-07-16,55,55
2015-07-17,61,52
2015-07-18,75,57
2015-07-19,72,63
2015-07-20,69,64
2015-07-21,65,68
2015-07-22,58,69
2015-07-23,60,66
2015-07-24,56,61
2015-07-25,62,52
2015-07-26,69,63
2015-07-27,68,68
2015-07-28,70,57
2015-07-29,70,52
2015-07-30,71,53
2015-07-31,64,57
2015-08-01,65,59
2015-08-02,64,65
2015-08-03,66,64
2015-08-04,62,57
2015-08-05,62,61
2015-08-06,58,64
2015-08-07,60,56
2015-08-08,64,57
2015-08-09,68,59
2015-08-10,66,64
2015-08-11,67,63
2015-08-12,63,64
2015-08-13,53,57
2015-08-14,60,54
2015-08-15,65,50
2015-08-16,66,49
2015-08-17,68,66
2015-08-18,68,64
2015-08-19,68,65
2015-08-20,64,64
2015-08-21,57,66
2015-08-22,57,67
2015-08-23,58,69
2015-08-24,64,64
2015-08-25,56,61
2015-08-26,54,59
2015-08-27,59,67
2015-08-28,54,60
2015-08-29,55,51
2015-08-30,67,62
2015-08-31,67,70
2015-09-01,66,69
2015-09-02,70,68
2015-09-03,69,62
2015-09-04,68,61
2015-09-05,67,65
2015-09-06,67,60
2015-09-07,68,53
2015-09-08,67,54
2015-09-09,70,64
2015-09-10,63,65
2015-09-11,57,56
2015-09-12,54,54
2015-09-13,52,48
2015-09-14,50,42
2015-09-15,51,42
2015-09-16,55,54
2015-09-17,56,49
2015-09-18,57,52
2015-09-19,60,49
2015-09-20,52,57
2015-09-21,51,57
2015-09-22,58,46
2015-09-23,53,39
2015-09-24,56,49
2015-09-25,57,53
2015-09-26,59,51
2015-09-27,61,51
2015-09-28,63,52
2015-09-29,64,54
2015-09-30,56,53
2015-10-01,52,54
2015-10-02,48,50
2015-10-03,44,59
2015-10-04,51,38
2015-10-05,48,40
2015-10-06,50,47
2015-10-07,59,50
2015-10-08,51,48
2015-10-09,55,44
2015-10-10,47,45
2015-10-11,41,46
2015-10-12,46,38
2015-10-13,55,54
2015-10-14,46,60
2015-10-15,41,55
2015-10-16,42,51
2015-10-17,34,52
2015-10-18,31,46
2015-10-19,28,41
2015-10-20,50,42
2015-10-21,43,46
2015-10-22,54,45
2015-10-23,44,43
2015-10-24,50,36
2015-10-25,45,46
2015-10-26,36,43
2015-10-27,41,33
2015-10-28,50,56
2015-10-29,43,42
2015-10-30,42,36
2015-10-31,45,41
2015-11-01,53,33
2015-11-02,43,33
2015-11-03,40,30
2015-11-04,47,46
2015-11-05,59,47
2015-11-06,54,44
2015-11-07,40,30
2015-11-08,32,29
2015-11-09,29,40
2015-11-10,46,40
2015-11-11,41,47
2015-11-12,44,36
2015-11-13,40,27
2015-11-14,40,24
2015-11-15,38,23
2015-11-16,36,28
2015-11-17,43,19
2015-11-18,54,14
2015-11-19,44,14
2015-11-20,33,22
2015-11-21,33,16
2015-11-22,24,16
2015-11-23,21,45
2015-11-24,32,42
2015-11-25,30,29
2015-11-26,41,30
2015-11-27,50,29
2015-11-28,40,23
2015-11-29,35,28
2015-11-30,30,53
2015-12-01,44,28
2015-12-02,35,26
2015-12-03,33,30
2015-12-04,30,27
2015-12-05,25,31
2015-12-06,26,34
2015-12-07,27,28
2015-12-08,29,29
2015-12-09,31,32
2015-12-10,39,29
2015-12-11,46,26
2015-12-12,51,27
2015-12-13,54,27
2015-12-14,50,38
2015-12-15,43,36
2015-12-16,42,37
2015-12-17,32,28
2015-12-18,26,28
2015-12-19,25,27
2015-12-20,20,26
2015-12-21,40,26
2015-12-22,49,23
2015-12-23,47,39
2015-12-24,43,42
2015-12-25,44,38
2015-12-26,46,30
2015-12-27,37,34
2015-12-28,35,34
2015-12-29,42,25
2015-12-30,39,19
2015-12-31,30,17
2016-01-01,29,20
2016-01-02,26,25
2016-01-03,28,26
2016-01-04,12,32
2016-01-05,7,14
2016-01-06,11,13
2016-01-07,17,2
2016-01-08,23,-1
2016-01-09,40,5
2016-01-10,19,0
2016-01-11,13,10
2016-01-12,13,26
2016-01-13,3,14
2016-01-14,20,12
2016-01-15,37,17
2016-01-16,30,22
2016-01-17,9,18
2016-01-18,6,34
2016-01-19,5,29
2016-01-20,6,29
2016-01-21,11,31
2016-01-22,11,29
2016-01-23,13,28
2016-01-24,7,26
2016-01-25,15,29
2016-01-26,32,20
2016-01-27,21,16
2016-01-28,20,10
2016-01-29,20,16
2016-01-30,17,9
2016-01-31,48,5
2016-02-01,30,26
2016-02-02,24,11
2016-02-03,41,8
2016-02-04,29,25
2016-02-05,25,6
2016-02-06,26,5
2016-02-07,24,24
2016-02-08,31,38
2016-02-09,24,21
2016-02-10,14,19
2016-02-11,8,17
2016-02-12,5,5
2016-02-13,2,2
2016-02-14,-2,3
2016-02-15,19,-4
2016-02-16,30,-6
2016-02-17,24,2
2016-02-18,12,6
2016-02-19,24,-3
2016-02-20,50,-8
2016-02-21,35,11
2016-02-22,29,22
2016-02-23,33,-1
2016-02-24,39,-9
2016-02-25,28,21
2016-02-26,22,10
2016-02-27,27,3
2016-02-28,35,-1
2016-02-29,36,20
2016-03-01,31,17
2016-03-02,24,16
2016-03-03,19,28
2016-03-04,29,5
2016-03-05,29,-3
2016-03-06,32,15
2016-03-07,31,34
2016-03-08,51,37
2016-03-09,49,33
2016-03-10,55,31
2016-03-11,41,26
2016-03-12,34,35
2016-03-13,50,40
2016-03-14,51,32
2016-03-15,50,32
2016-03-16,49,29
2016-03-17,43,24
2016-03-18,37,29
2016-03-19,32,33
2016-03-20,33,36
2016-03-21,25,25
2016-03-22,29,20
2016-03-23,56,29
2016-03-24,52,33
2016-03-25,35,37
2016-03-26,33,22
2016-03-27,36,15
2016-03-28,40,15
2016-03-29,35,36
2016-03-30,31,33
2016-03-31,61,26
2016-04-01,46,39
2016-04-02,33,43
2016-04-03,26,34
2016-04-04,27,42
2016-04-05,23,37
2016-04-06,30,53
2016-04-07,37,56
2016-04-08,31,56
2016-04-09,25,52
2016-04-10,20,44
2016-04-11,49,33
2016-04-12,36,52
2016-04-13,31,51
2016-04-14,37,44
2016-04-15,44,50
2016-04-16,42,56
2016-04-17,47,46
2016-04-18,49,54
2016-04-19,54,51
2016-04-20,46,40
2016-04-21,58,37
2016-04-22,57,34
2016-04-23,48,28
2016-04-24,37,33
2016-04-25,41,40
2016-04-26,50,37
2016-04-27,46,37
2016-04-28,47,38
2016-04-29,46,49
2016-04-30,45,47
2016-05-01,54,44
2016-05-02,52,49
2016-05-03,48,50
2016-05-04,50,59
2016-05-05,49,55
2016-05-06,50,57
2016-05-07,46,59
2016-05-08,47,67
2016-05-09,48,65
2016-05-10,51,66
2016-05-11,57,54
2016-05-12,55,47
2016-05-13,57,38
2016-05-14,43,55
2016-05-15,38,66
2016-05-16,36,65
2016-05-17,51,67
2016-05-18,48,53
2016-05-19,43,48
2016-05-20,44,46
2016-05-21,53,44
2016-05-22,50,38
2016-05-23,49,47
2016-05-24,52,60
2016-05-25,59,67
2016-05-26,67,66
2016-05-27,66,61
2016-05-28,66,61
2016-05-29,66,68
2016-05-30,61,60
2016-05-31,61,49
2016-06-01,63,53
2016-06-02,68,54
2016-06-03,66,56
2016-06-04,67,62
2016-06-05,65,59
2016-06-06,63,53
2016-06-07,56,65
2016-06-08,52,62
2016-06-09,49,58
2016-06-10,59,74
2016-06-11,70,67
2016-06-12,61,69
2016-06-13,52,69
2016-06-14,58,70
2016-06-15,64,67
2016-06-16,68,57
2016-06-17,66,67
2016-06-18,61,67
2016-06-19,64,66
2016-06-20,63,69
2016-06-21,68,67
2016-06-22,61,66
2016-06-23,67,59
2016-06-24,66,64
2016-06-25,64,63
2016-06-26,67,64
2016-06-27,72,57
2016-06-28,64,54
2016-06-29,55,62
2016-06-30,54,61
2016-07-01,58,60
2016-07-02,55,57
2016-07-03,55,66
2016-07-04,62,58
2016-07-05,69,70
2016-07-06,69,67
2016-07-07,69,64
2016-07-08,69,67
2016-07-09,69,64
2016-07-10,62,63
2016-07-11,61,63
2016-07-12,64,67
2016-07-13,73,67
2016-07-14,69,61
2016-07-15,70,55
2016-07-16,66,61
2016-07-17,63,75
2016-07-18,74,72
2016-07-19,67,69
2016-07-20,59,65
2016-07-21,60,58
2016-07-22,69,60
2016-07-23,72,56
2016-07-24,69,62
2016-07-25,72,69
2016-07-26,71,68
2016-07-27,71,70
2016-07-28,69,70
2016-07-29,64,71
2016-07-30,68,64
2016-07-31,64,65
2016-08-01,67,64
2016-08-02,65,66
2016-08-03,67,62
2016-08-04,72,62
2016-08-05,68,58
2016-08-06,70,60
2016-08-07,60,64
2016-08-08,66,68
2016-08-09,66,66
2016-08-10,75,67
2016-08-11,73,63
2016-08-12,76,53
2016-08-13,76,60
2016-08-14,70,65
2016-08-15,69,66
2016-08-16,72,68
2016-08-17,69,68
2016-08-18,69,68
2016-08-19,64,64
2016-08-20,69,57
2016-08-21,65,57
2016-08-22,59,58
2016-08-23,57,64
2016-08-24,60,56
2016-08-25,72,54
2016-08-26,72,59
2016-08-27,66,54
2016-08-28,71,55
2016-08-29,67,67
2016-08-30,61,67
2016-08-31,63,66
2016-09-01,63,70
2016-09-02,57,69
2016-09-03,57,68
2016-09-04,54,67
2016-09-05,57,67
2016-09-06,62,68
2016-09-07,71,67
2016-09-08,74,70
2016-09-09,71,63
2016-09-10,69,57
2016-09-11,59,54
2016-09-12,55,52
2016-09-13,59,50
2016-09-14,58,51
2016-09-15,56,55
2016-09-16,54,56
2016-09-17,66,57
2016-09-18,69,60
2016-09-19,65,52
2016-09-20,59,51
2016-09-21,58,58
2016-09-22,60,53
2016-09-23,61,56
2016-09-24,59,57
2016-09-25,50,59
2016-09-26,53,61
2016-09-27,52,63
2016-09-28,48,64
2016-09-29,56,56
2016-09-30,57,52
2016-10-01,56,48
2016-10-02,57,44
2016-10-03,50,51
2016-10-04,50,48
2016-10-05,53,50
2016-10-06,50,59
2016-10-07,52,51
2016-10-08,47,55
2016-10-09,43,47
2016-10-10,39,41
2016-10-11,37,46
2016-10-12,46,55
2016-10-13,45,46
2016-10-14,33,41
2016-10-15,38,42
2016-10-16,59,34
2016-10-17,61,31
2016-10-18,63,28
2016-10-19,64,50
2016-10-20,61,43
2016-10-21,47,54
2016-10-22,42,44
2016-10-23,41,50
2016-10-24,47,45
2016-10-25,38,36
2016-10-26,32,41
2016-10-27,44,50
2016-10-28,42,43
2016-10-29,43,42
2016-10-30,48,45
2016-10-31,40,53
2016-11-01,40,43
2016-11-02,59,40
2016-11-03,51,47
2016-11-04,43,59
2016-11-05,37,54
2016-11-06,42,40
2016-11-07,39,32
2016-11-08,38,29
2016-11-09,41,46
2016-11-10,37,41
2016-11-11,37,44
2016-11-12,29,40
2016-11-13,31,40
2016-11-14,28,38
2016-11-15,34,36
2016-11-16,39,43
2016-11-17,33,54
2016-11-18,40,44
2016-11-19,33,33
2016-11-20,30,33
2016-11-21,28,24
2016-11-22,23,21
2016-11-23,24,32
2016-11-24,41,30
2016-11-25,38,41
2016-11-26,37,50
2016-11-27,32,40
2016-11-28,30,35
2016-11-29,47,30
2016-11-30,48,44
2016-12-01,39,35
2016-12-02,35,33
2016-12-03,36,30
2016-12-04,32,25
2016-12-05,32,26
2016-12-06,32,27
2016-12-07,35,29
2016-12-08,25,31
2016-12-09,23,39
2016-12-10,24,46
2016-12-11,23,51
2016-12-12,30,54
2016-12-13,26,50
2016-12-14,17,43
2016-12-15,7,42
2016-12-16,5,32
2016-12-17,24,26
2016-12-18,22,25
2016-12-19,17,20
2016-12-20,15,40
2016-12-21,27,49
2016-12-22,34,47
2016-12-23,29,43
2016-12-24,37,44
2016-12-25,32,46
2016-12-26,36,37
2016-12-27,36,35
2016-12-28,31,42
2016-12-29,31,39
2016-12-30,27,30
2016-12-31,24,29
2017-01-01,31,26
2017-01-02,36,28
2017-01-03,42,12
2017-01-04,22,7
2017-01-05,17,11
2017-01-06,6,17
2017-01-07,5,23
2017-01-08,7,40
2017-01-09,5,19
2017-01-10,23,13
2017-01-11,38,13
2017-01-12,36,3
2017-01-13,28,20
2017-01-14,27,37
2017-01-15,24,30
2017-01-16,24,9
2017-01-17,37,6
2017-01-18,38,5
2017-01-19,32,6
2017-01-20,33,11
2017-01-21,39,11
2017-01-22,47,13
2017-01-23,33,7
2017-01-24,36,15
2017-01-25,37,32
2017-01-26,32,21
2017-01-27,28,20
2017-01-28,27,20
2017-01-29,27,17
2017-01-30,22,48
2017-01-31,23,30
2017-02-01,34,24
2017-02-02,22,41
2017-02-03,19,29
2017-02-04,13,25
2017-02-05,26,26
2017-02-06,26,24
2017-02-07,43,31
2017-02-08,29,24
2017-02-09,18,14
2017-02-10,14,8
2017-02-11,32,5
2017-02-12,35,2
2017-02-13,27,-2
2017-02-14,26,19
2017-02-15,26,30
2017-02-16,19,24
2017-02-17,19,12
2017-02-18,48,24
2017-02-19,45,50
2017-02-20,34,35
2017-02-21,46,29
2017-02-22,52,33
2017-02-23,54,39
2017-02-24,55,28
2017-02-25,28,22
2017-02-26,26,27
2017-02-27,32,35
2017-02-28,36,36
2017-03-01,40,31
2017-03-02,28,24
2017-03-03,20,19
2017-03-04,18,29
2017-03-05,17,29
2017-03-06,38,32
2017-03-07,41,31
2017-03-08,39,51
2017-03-09,33,49
2017-03-10,21,55
2017-03-11,15,41
2017-03-12,15,34
2017-03-13,19,50
2017-03-14,16,51
2017-03-15,15,50
2017-03-16,21,49
2017-03-17,19,43
2017-03-18,32,37
2017-03-19,34,32
2017-03-20,33,33
2017-03-21,40,25
2017-03-22,25,29
2017-03-23,18,56
2017-03-24,38,52
2017-03-25,62,35
2017-03-26,54,33
2017-03-27,53,36
2017-03-28,47,40
2017-03-29,45,35
2017-03-30,45,31
2017-03-31,46,61
2017-04-01,38,46
2017-04-02,32,33
2017-04-03,46,26
2017-04-04,50,27
2017-04-05,46,23
2017-04-06,36,30
2017-04-07,32,37
2017-04-08,28,31
2017-04-09,35,25
2017-04-10,56,20
2017-04-11,58,49
2017-04-12,48,36
2017-04-13,43,31
2017-04-14,48,37
2017-04-15,51,44
2017-04-16,63,42
2017-04-17,55,47
2017-04-18,46,49
2017-04-19,57,54
2017-04-20,59,46
2017-04-21,50,58
2017-04-22,43,57
2017-04-23,39,48
2017-04-24,46,37
2017-04-25,50,41
2017-04-26,49,50
2017-04-27,56,46
2017-04-28,48,47
2017-04-29,55,46
2017-04-30,58,45
2017-05-01,58,54
2017-05-02,49,52
2017-05-03,44,48
2017-05-04,48,50
2017-05-05,48,49
2017-05-06,42,50
2017-05-07,42,46
2017-05-08,37,47
2017-05-09,36,48
2017-05-10,47,51
2017-05-11,50,57
2017-05-12,50,55
2017-05-13,50,57
2017-05-14,50,43
2017-05-15,41,38
2017-05-16,44,36
2017-05-17,63,51
2017-05-18,68,48
2017-05-19,59,43
2017-05-20,56,44
2017-05-21,60,53
2017-05-22,53,50
2017-05-23,48,49
2017-05-24,58,52
2017-05-25,56,59
2017-05-26,57,67
2017-05-27,56,66
2017-05-28,56,66
2017-05-29,63,66
2017-05-30,60,61
2017-05-31,55,61
2017-06-01,52,63
2017-06-02,51,68
2017-06-03,58,66
2017-06-04,60,67
2017-06-05,59,65
2017-06-06,54,63
2017-06-07,53,56
2017-06-08,52,52
2017-06-09,50,49
2017-06-10,64,59
2017-06-11,65,70
2017-06-12,67,61
2017-06-13,73,52
2017-06-14,67,58
2017-06-15,69,64
2017-06-16,67,68
2017-06-17,63,66
2017-06-18,71,61
2017-06-19,63,64
2017-06-20,59,63
2017-06-21,63,68
2017-06-22,63,61
2017-06-23,68,67
2017-06-24,65,66
2017-06-25,60,64
2017-06-26,55,67
2017-06-27,54,72
2017-06-28,50,64
2017-06-29,59,55
2017-06-30,66,54
2017-07-01,71,58
2017-07-02,67,55
2017-07-03,64,55
2017-07-04,68,62
2017-07-05,66,69
2017-07-06,68,69
2017-07-07,64,69
2017-07-08,65,69
2017-07-09,55,69
2017-07-10,57,62
2017-07-11,66,61
2017-07-12,70,64
2017-07-13,74,73
2017-07-14,72,69
2017-07-15,66,70
2017-07-16,61,66
2017-07-17,74,63
2017-07-18,67,74
2017-07-19,70,67
2017-07-20,71,59
2017-07-21,72,60
2017-07-22,72,69
2017-07-23,68,72
2017-07-24,65,69
2017-07-25,62,72
2017-07-26,58,71
2017-07-27,64,71
2017-07-28,65,69
2017-07-29,58,64
2017-07-30,60,68
2017-07-31,61,64
2017-08-01,63,67
2017-08-02,66,65
2017-08-03,66,67
2017-08-04,63,72
2017-08-05,58,68
2017-08-06,61,70
2017-08-07,62,60
2017-08-08,61,66
2017-08-09,54,66
2017-08-10,60,75
2017-08-11,65,73
2017-08-12,63,76
2017-08-13,58,76
2017-08-14,62,70
2017-08-15,66,69
2017-08-16,68,72
2017-08-17,65,69
2017-08-18,72,69
2017-08-19,64,64
2017-08-20,59,69
2017-08-21,66,65
2017-08-22,70,59
2017-08-23,64,57
2017-08-24,57,60
2017-08-25,52,72
2017-08-26,53,72
2017-08-27,57,66
2017-08-28,63,71
2017-08-29,62,67
2017-08-30,57,61
2017-08-31,59,63
2017-09-01,52,63
2017-09-02,54,57
2017-09-03,58,57
2017-09-04,58,54
2017-09-05,62,57
2017-09-06,54,62
2017-09-07,49,71
2017-09-08,52,74
2017-09-09,47,71
2017-09-10,46,69
2017-09-11,49,59
2017-09-12,55,55
2017-09-13,60,59
2017-09-14,60,58
2017-09-15,58,56
2017-09-16,59,54
2017-09-17,60,66
2017-09-18,60,69
2017-09-19,62,65
2017-09-20,63,59
2017-09-21,63,58
2017-09-22,61,60
2017-09-23,59,61
2017-09-24,62,59
2017-09-25,65,50
2017-09-26,66,53
2017-09-27,64,52
2017-09-28,54,48
2017-09-29,47,56
2017-09-30,47,57
2017-10-01,40,56
2017-10-02,41,57
2017-10-03,45,50
2017-10-04,51,50
2017-10-05,65,53
2017-10-06,64,50
2017-10-07,63,52
2017-10-08,66,47
2017-10-09,69,43
2017-10-10,64,39
2017-10-11,63,37
2017-10-12,60,46
2017-10-13,59,45
2017-10-14,52,33
2017-10-15,55,38
2017-10-16,42,59
2017-10-17,36,61
2017-10-18,41,63
2017-10-19,42,64
2017-10-20,48,61
2017-10-21,43,47
2017-10-22,49,42
2017-10-23,55,41
2017-10-24,45,47
2017-10-25,39,38
2017-10-26,36,32
2017-10-27,38,44
2017-10-28,38,42
2017-10-29,37,43
2017-10-30,38,48
2017-10-31,33,40
2017-11-01,32,40
2017-11-02,48,59
2017-11-03,46,51
2017-11-04,37,43
2017-11-05,52,37
2017-11-06,38,42
2017-11-07,36,39
2017-11-08,32,38
2017-11-09,28,41
2017-11-10,20,37
2017-11-11,18,37
2017-11-12,26,29
2017-11-13,37,31
2017-11-14,31,28
2017-11-15,28,34
2017-11-16,38,39
2017-11-17,32,33
2017-11-18,34,40
2017-11-19,32,33
2017-11-20,28,30
2017-11-21,32,28
2017-11-22,29,23
2017-11-23,22,24
2017-11-24,26,41
2017-11-25,44,38
2017-11-26,34,37
2017-11-27,34,32
2017-11-28,37,30
2017-11-29,38,47
2017-11-30,33,48
2017-12-01,30,39
2017-12-02,26,35
2017-12-03,32,36
2017-12-04,31,32
2017-12-05,33,32
2017-12-06,31,32
2017-12-07,28,35
2017-12-08,22,25
2017-12-09,21,23
2017-12-10,30,24
2017-12-11,32,23
2017-12-12,16,30
2017-12-13,15,26
2017-12-14,17,17
2017-12-15,15,7
2017-12-16,29,5
2017-12-17,34,24
2017-12-18,37,22
2017-12-19,45,17
2017-12-20,31,15
2017-12-21,28,27
2017-12-22,41,34
2017-12-23,33,29
2017-12-24,30,37
2017-12-25,18,32
2017-12-26,14,36
2017-12-27,4,36
2017-12-28,1,31
2017-12-29,11,31
2017-12-30,7,27
2017-12-31,2,24
2018-01-01,-1,31
2018-01-02,5,36
2018-01-03,0,42
2018-01-04,4,22
2018-01-05,-1,17
2018-01-06,-2,6
2018-01-07,-5,5
2018-01-08,29,7
2018-01-09,27,5
2018-01-10,22,23
2018-01-11,43,38
2018-01-12,21,36
2018-01-13,8,28
2018-01-14,-3,27
2018-01-15,7,24
2018-01-16,6,24
2018-01-17,1,37
2018-01-18,7,38
2018-01-19,22,32
2018-01-20,36,33
2018-01-21,40,39
2018-01-22,44,47
2018-01-23,35,33
2018-01-24,26,36
2018-01-25,24,37
2018-01-26,23,32
2018-01-27,40,28
2018-01-28,29,27
2018-01-29,26,27
2018-01-30,11,22
2018-01-31,8,23
2018-02-01,26,34
2018-02-02,12,22
2018-02-03,10,19
2018-02-04,27,13
2018-02-05,14,26
2018-02-06,22,26
2018-02-07,19,43
2018-02-08,16,29
2018-02-09,15,18
2018-02-10,33,14
2018-02-11,32,32
2018-02-12,23,35
2018-02-13,17,27
2018-02-14,40,26
2018-02-15,56,26
2018-02-16,29,19
2018-02-17,26,19
2018-02-18,33,48
2018-02-19,34,45
2018-02-20,60,34
2018-02-21,43,46
2018-02-22,38,52
2018-02-23,41,54
2018-02-24,46,55
2018-02-25,43,28
2018-02-26,35,26
2018-02-27,29,32
2018-02-28,38,36
2018-03-01,34,40
2018-03-02,29,28
2018-03-03,25,20
2018-03-04,24,18
2018-03-05,22,17
2018-03-06,30,38
2018-03-07,29,41
2018-03-08,24,39
2018-03-09,22,33
2018-03-10,18,21
2018-03-11,19,15
2018-03-12,26,15
2018-03-13,27,19
2018-03-14,22,16
2018-03-15,28,15
2018-03-16,22,21
2018-03-17,20,19
2018-03-18,20,32
2018-03-19,29,34
2018-03-20,29,33
2018-03-21,25,40
2018-03-22,21,25
2018-03-23,21,18
2018-03-24,22,38
2018-03-25,23,62
2018-03-26,30,54
2018-03-27,36,53
2018-03-28,50,47
2018-03-29,46,45
2018-03-30,32,45
2018-03-31,27,46
2018-04-01,34,38
2018-04-02,32,32
2018-04-03,36,46
2018-04-04,30,50
2018-04-05,28,46
2018-04-06,33,36
2018-04-07,27,32
2018-04-08,27,28
2018-04-09,27,35
2018-04-10,25,56
2018-04-11,33,58
2018-04-12,48,48
2018-04-13,65,43
2018-04-14,58,48
2018-04-15,48,51
2018-04-16,33,63
2018-04-17,30,55
2018-04-18,30,46
2018-04-19,33,57
2018-04-20,28,59
2018-04-21,29,50
2018-04-22,45,43
2018-04-23,50,39
2018-04-24,49,46
2018-04-25,44,50
2018-04-26,38,49
2018-04-27,43,56
2018-04-28,38,48
2018-04-29,32,55
2018-04-30,33,58
2018-05-01,45,58
2018-05-02,52,49
2018-05-03,67,44
2018-05-04,61,48
2018-05-05,49,48
2018-05-06,55,42
2018-05-07,54,42
2018-05-08,49,37
2018-05-09,56,36
2018-05-10,63,47
2018-05-11,54,50
2018-05-12,51,50
2018-05-13,56,50
2018-05-14,63,50
2018-05-15,60,41
2018-05-16,62,44
2018-05-17,64,63
2018-05-18,64,68
2018-05-19,58,59
2018-05-20,63,56
2018-05-21,58,60
2018-05-22,63,53
2018-05-23,58,48
2018-05-24,52,58
2018-05-25,56,56
2018-05-26,66,57
2018-05-27,66,56
2018-05-28,65,56
2018-05-29,68,63
2018-05-30,71,60
2018-05-31,71,55
2018-06-01,67,52
2018-06-02,68,51
2018-06-03,63,58
2018-06-04,59,60
2018-06-05,53,59
2018-06-06,46,54
2018-06-07,50,53
2018-06-08,61,52
2018-06-09,64,50
2018-06-10,63,64
2018-06-11,58,65
2018-06-12,57,67
2018-06-13,68,73
2018-06-14,57,67
2018-06-15,56,69
2018-06-16,55,67
2018-06-17,69,63
2018-06-18,73,71
2018-06-19,71,63
2018-06-20,68,59
2018-06-21,66,63
2018-06-22,63,63
2018-06-23,64,68
2018-06-24,66,65
2018-06-25,63,60
2018-06-26,60,55
2018-06-27,66,54
2018-06-28,67,50
2018-06-29,62,59
2018-06-30,66,66
2018-07-01,69,71
2018-07-02,71,67
2018-07-03,70,64
2018-07-04,71,68
2018-07-05,70,66
2018-07-06,66,68
2018-07-07,58,64
2018-07-08,55,65
2018-07-09,60,55
2018-07-10,67,57
2018-07-11,63,66
2018-07-12,60,70
2018-07-13,62,74
2018-07-14,67,72
2018-07-15,71,66
2018-07-16,69,61
2018-07-17,67,74
2018-07-18,60,67
2018-07-19,59,70
2018-07-20,67,71
2018-07-21,65,72
2018-07-22,60,72
2018-07-23,65,68
2018-07-24,70,65
2018-07-25,68,62
2018-07-26,60,58
2018-07-27,64,64
2018-07-28,60,65
2018-07-29,59,58
2018-07-30,64,60
2018-07-31,64,61
2018-08-01,66,63
2018-08-02,65,66
2018-08-03,67,66
2018-08-04,65,63
2018-08-05,67,58
2018-08-06,68,61
2018-08-07,70,62
2018-08-08,69,61
2018-08-09,67,54
2018-08-10,65,60
2018-08-11,66,65
2018-08-12,61,63
2018-08-13,62,58
2018-08-14,62,62
2018-08-15,64,66
2018-08-16,67,68
2018-08-17,67,65
2018-08-18,67,72
2018-08-19,60,64
2018-08-20,62,59
2018-08-21,68,66
2018-08-22,57,70
2018-08-23,52,64
2018-08-24,53,57
2018-08-25,63,52
2018-08-26,67,53
2018-08-27,69,57
2018-08-28,73,63
2018-08-29,72,62
2018-08-30,71,57
2018-08-31,68,59
2018-09-01,70,52
2018-09-02,72,54
2018-09-03,72,58
2018-09-04,69,58
2018-09-05,73,62
2018-09-06,74,54
2018-09-07,72,49
2018-09-08,56,52
2018-09-09,56,47
2018-09-10,60,46
2018-09-11,59,49
2018-09-12,60,55
2018-09-13,65,60
2018-09-14,67,60
2018-09-15,67,58
2018-09-16,64,59
2018-09-17,67,60
2018-09-18,65,60
2018-09-19,65,62
2018-09-20,58,63
2018-09-21,69,63
2018-09-22,56,61
2018-09-23,52,59
2018-09-24,56,62
2018-09-25,60,65
2018-09-26,56,66
2018-09-27,51,64
2018-09-28,55,54
2018-09-29,50,47
2018-09-30,47,47
2018-10-01,56,40
2018-10-02,65,41
2018-10-03,60,45
2018-10-04,55,51
2018-10-05,50,65
2018-10-06,65,64
2018-10-07,64,63
2018-10-08,64,66
2018-10-09,65,69
2018-10-10,65,64
2018-10-11,53,63
2018-10-12,45,60
2018-10-13,40,59
2018-10-14,40,52
2018-10-15,45,55
2018-10-16,34,42
2018-10-17,40,36
2018-10-18,33,41
2018-10-19,31,42
2018-10-20,40,48
2018-10-21,31,43
2018-10-22,30,49
2018-10-23,40,55
2018-10-24,33,45
2018-10-25,29,39
2018-10-26,37,36
2018-10-27,41,38
2018-10-28,40,38
2018-10-29,41,37
2018-10-30,36,38
2018-10-31,48,33
2018-11-01,50,32
2018-11-02,42,48
2018-11-03,35,46
2018-11-04,32,37
2018-11-05,46,52
2018-11-06,46,38
2018-11-07,35,36
2018-11-08,29,32
2018-11-09,35,28
2018-11-10,24,20
2018-11-11,21,18
2018-11-12,24,26
2018-11-13,31,37
2018-11-14,26,31
2018-11-15,29,28
2018-11-16,31,38
2018-11-17,33,32
2018-11-18,34,34
2018-11-19,36,32
2018-11-20,31,28
2018-11-21,26,32
2018-11-22,21,29
2018-11-23,24,22
2018-11-24,32,26
2018-11-25,43,44
2018-11-26,30,34
2018-11-27,25,34
2018-11-28,23,37
2018-11-29,22,38
2018-11-30,30,33
2018-12-01,35,30
2018-12-02,44,26
2018-12-03,33,32
2018-12-04,30,31
2018-12-05,28,33
2018-12-06,26,31
2018-12-07,19,28
2018-12-08,18,22
2018-12-09,19,21
2018-12-10,18,30
2018-12-11,22,32
2018-12-12,26,16
2018-12-13,31,15
2018-12-14,33,17
2018-12-15,42,15
2018-12-16,38,29
2018-12-17,32,34
2018-12-18,25,37
2018-12-19,21,45
2018-12-20,27,31
2018-12-21,35,28
2018-12-22,32,41
2018-12-23,29,33
2018-12-24,28,30
2018-12-25,21,18
2018-12-26,27,14
2018-12-27,27,4
2018-12-28,46,1
2018-12-29,31,11
2018-12-30,30,7
2018-12-31,29,2
2019-01-01,35,-1
2019-01-02,34,5
2019-01-03,31,0
2019-01-04,28,4
2019-01-05,36,-1
2019-01-06,30,-2
2019-01-07,28,-5
2019-01-08,39,29
2019-01-09,22,27
2019-01-10,20,22
2019-01-11,19,43
2019-01-12,22,21
2019-01-13,25,8
2019-01-14,19,-3
2019-01-15,21,7
2019-01-16,26,6
2019-01-17,24,1
2019-01-18,30,7
2019-01-19,28,22
2019-01-20,6,36
2019-01-21,0,40
2019-01-22,-1,44
2019-01-23,35,35
2019-01-24,25,26
2019-01-25,12,24
2019-01-26,14,23
2019-01-27,14,40
2019-01-28,9,29
2019-01-29,13,26
2019-01-30,-5,11
2019-01-31,-5,8
2019-02-01,6,26
2019-02-02,6,12
2019-02-03,28,10
2019-02-04,33,27
2019-02-05,40,14
2019-02-06,39,22
2019-02-07,46,19
2019-02-08,20,16
2019-02-09,15,15
2019-02-10,15,33
2019-02-11,31,32
2019-02-12,33,23
2019-02-13,25,17
2019-02-14,26,40
2019-02-15,27,56
2019-02-16,24,29
2019-02-17,21,26
2019-02-18,18,33
2019-02-19,12,34
2019-02-20,25,60
2019-02-21,34,43
2019-02-22,30,38
2019-02-23,32,41
2019-02-24,31,46
2019-02-25,22,43
2019-02-26,24,35
2019-02-27,23,29
2019-02-28,21,38
2019-03-01,27,34
2019-03-02,30,29
2019-03-03,24,25
2019-03-04,13,24
2019-03-05,6,22
2019-03-06,9,30
2019-03-07,17,29
2019-03-08,20,24
2019-03-09,22,22
2019-03-10,40,18
2019-03-11,33,19
2019-03-12,24,26
2019-03-13,27,27
2019-03-14,43,22
2019-03-15,38,28
2019-03-16,31,22
2019-03-17,26,20
2019-03-18,29,20
2019-03-19,25,29
2019-03-20,26,29
2019-03-21,41,25
2019-03-22,30,21
2019-03-23,24,21
2019-03-24,28,22
2019-03-25,32,23
2019-03-26,25,30
2019-03-27,23,36
2019-03-28,38,50
2019-03-29,50,46
2019-03-30,51,32
2019-03-31,27,27
2019-04-01,23,34
2019-04-02,25,32
2019-04-03,35,36
2019-04-04,39,30
2019-04-05,42,28
2019-04-06,45,33
2019-04-07,44,27
2019-04-08,56,27
2019-04-09,48,27
2019-04-10,40,25
2019-04-11,40,33
2019-04-12,57,48
2019-04-13,48,65
2019-04-14,47,58
2019-04-15,35,48
2019-04-16,38,33
2019-04-17,53,30
2019-04-18,59,30
2019-04-19,50,33
2019-04-20,49,28
2019-04-21,44,29
2019-04-22,46,45
2019-04-23,51,50
2019-04-24,45,49
2019-04-25,50,44
2019-04-26,48,38
2019-04-27,41,43
2019-04-28,43,38
2019-04-29,36,32
2019-04-30,51,33
2019-05-01,54,45
2019-05-02,61,52
2019-05-03,61,67
2019-05-04,56,61
2019-05-05,53,49
2019-05-06,45,55
2019-05-07,51,54
2019-05-08,50,49
2019-05-09,61,56
2019-05-10,52,63
2019-05-11,47,54
2019-05-12,51,51
2019-05-13,46,56
2019-05-14,42,63
2019-05-15,42,60
2019-05-16,52,62
2019-05-17,61,64
2019-05-18,56,64
2019-05-19,63,58
2019-05-20,54,63
2019-05-21,45,58
2019-05-22,48,63
2019-05-23,64,58
2019-05-24,56,52
2019-05-25,59,56
2019-05-26,63,66
2019-05-27,61,66
2019-05-28,64,65
2019-05-29,65,68
2019-05-30,62,71
2019-05-31,57,71
2019-06-01,57,67
2019-06-02,52,68
2019-06-03,50,63
2019-06-04,43,59
2019-06-05,60,53
2019-06-06,66,46
2019-06-07,61,50
2019-06-08,61,61
2019-06-09,67,64
2019-06-10,60,63
2019-06-11,51,58
2019-06-12,49,57
2019-06-13,53,68
2019-06-14,51,57
2019-06-15,55,56
2019-06-16,64,55
2019-06-17,66,69
2019-06-18,66,73
2019-06-19,66,71
2019-06-20,65,68
2019-06-21,60,66
2019-06-22,52,63
2019-06-23,53,64
2019-06-24,65,66
2019-06-25,67,63
2019-06-26,67,60
2019-06-27,67,66
2019-06-28,64,67
2019-06-29,70,62
2019-06-30,65,66
2019-07-01,56,69
2019-07-02,68,71
2019-07-03,66,70
2019-07-04,70,71
2019-07-05,69,70
2019-07-06,69,66
2019-07-07,70,58
2019-07-08,68,55
2019-07-09,65,60
2019-07-10,69,67
2019-07-11,66,63
2019-07-12,65,60
2019-07-13,61,62
2019-07-14,68,67
2019-07-15,60,71
2019-07-16,71,69
2019-07-17,70,67
2019-07-18,70,60
2019-07-19,74,59
2019-07-20,76,67
2019-07-21,70,65
2019-07-22,64,60
2019-07-23,62,65
2019-07-24,56,70
2019-07-25,58,68
2019-07-26,60,60
2019-07-27,63,64
2019-07-28,70,60
2019-07-29,71,59
2019-07-30,67,64
2019-07-31,66,64
2019-08-01,65,66
2019-08-02,66,65
2019-08-03,63,67
2019-08-04,61,65
2019-08-05,64,67
2019-08-06,66,68
2019-08-07,66,70
2019-08-08,65,69
2019-08-09,64,67
2019-08-10,59,65
2019-08-11,55,66
2019-08-12,59,61
2019-08-13,66,62
2019-08-14,66,62
2019-08-15,63,64
2019-08-16,65,67
2019-08-17,63,67
2019-08-18,68,67
2019-08-19,67,60
2019-08-20,67,62
2019-08-21,69,68
2019-08-22,67,57
2019-08-23,62,52
2019-08-24,57,53
2019-08-25,53,63
2019-08-26,57,67
2019-08-27,62,69
2019-08-28,62,73
2019-08-29,56,72
2019-08-30,64,71
2019-08-31,63,68
2019-09-01,63,70
2019-09-02,63,72
2019-09-03,60,72
2019-09-04,62,69
2019-09-05,55,73
2019-09-06,56,74
2019-09-07,56,72
2019-09-08,55,56
2019-09-09,57,56
2019-09-10,58,60
2019-09-11,66,59
2019-09-12,68,60
2019-09-13,65,65
2019-09-14,59,67
2019-09-15,55,67
2019-09-16,65,64
2019-09-17,64,67
2019-09-18,55,65
2019-09-19,52,65
2019-09-20,53,58
2019-09-21,64,69
2019-09-22,65,56
2019-09-23,64,52
2019-09-24,53,56
2019-09-25,49,60
2019-09-26,54,56
2019-09-27,47,51
2019-09-28,65,55
2019-09-29,62,50
2019-09-30,64,47
2019-10-01,67,56
2019-10-02,69,65
2019-10-03,66,60
2019-10-04,48,55
2019-10-05,44,50
2019-10-06,55,65
2019-10-07,51,64
2019-10-08,49,64
2019-10-09,46,65
2019-10-10,46,65
2019-10-11,50,53
2019-10-12,39,45
2019-10-13,35,40
2019-10-14,47,40
2019-10-15,38,45
2019-10-16,45,34
2019-10-17,42,40
2019-10-18,38,33
2019-10-19,33,31
2019-10-20,47,40
2019-10-21,43,31
2019-10-22,48,30
2019-10-23,44,40
2019-10-24,40,33
2019-10-25,43,29
2019-10-26,46,37
2019-10-27,49,41
2019-10-28,40,40
2019-10-29,47,41
2019-10-30,47,36
2019-10-31,35,48
2019-11-01,31,50
2019-11-02,27,42
2019-11-03,33,35
2019-11-04,35,32
2019-11-05,36,46
2019-11-06,31,46
2019-11-07,29,35
2019-11-08,24,29
2019-11-09,23,35
2019-11-10,35,24
2019-11-11,34,21
2019-11-12,17,24
2019-11-13,13,31
2019-11-14,25,26
2019-11-15,24,29
2019-11-16,30,31
2019-11-17,27,33
2019-11-18,32,34
2019-11-19,32,36
2019-11-20,29,31
2019-11-21,27,26
2019-11-22,28,21
2019-11-23,24,24
2019-11-24,33,32
2019-11-25,33,43
2019-11-26,43,30
2019-11-27,38,25
2019-11-28,35,23
2019-11-29,32,22
2019-11-30,33,30
2019-12-01,36,35
2019-12-02,32,44
2019-12-03,31,33
2019-12-04,32,30
2019-12-05,30,28
2019-12-06,29,26
2019-12-07,23,19
2019-12-08,24,18
2019-12-09,44,19
2019-12-10,27,18
2019-12-11,19,22
2019-12-12,16,26
2019-12-13,28,31
2019-12-14,34,33
2019-12-15,29,42
2019-12-16,28,38
2019-12-17,23,32
2019-12-18,16,25
2019-12-19,9,21
2019-12-20,16,27
2019-12-21,23,35
2019-12-22,25,32
2019-12-23,25,29
2019-12-24,27,28
2019-12-25,28,21
2019-12-26,32,27
2019-12-27,42,27
2019-12-28,38,46
2019-12-29,40,31
2019-12-30,37,30
2019-12-31,29,29
2020-01-01,28,35
2020-01-02,28,34
2020-01-03,45,31
2020-01-04,32,28
2020-01-05,29,36
2020-01-06,34,30
2020-01-07,26,28
2020-01-08,19,39
2020-01-09,16,22
2020-01-10,45,20
2020-01-11,54,19
2020-01-12,36,22
2020-01-13,32,25
2020-01-14,34,19
2020-01-15,34,21
2020-01-16,24,26
2020-01-17,23,24
2020-01-18,23,30
2020-01-19,16,28
2020-01-20,13,6
2020-01-21,14,0
2020-01-22,10,-1
2020-01-23,20,35
2020-01-24,37,25
2020-01-25,33,12
2020-01-26,32,14
2020-01-27,32,14
2020-01-28,31,9
2020-01-29,25,13
2020-01-30,23,-5
2020-01-31,30,-5
2020-02-01,30,6
2020-02-02,31,6
2020-02-03,35,28
2020-02-04,32,33
2020-02-05,30,40
2020-02-06,32,39
2020-02-07,25,46
2020-02-08,23,20
2020-02-09,29,15
2020-02-10,39,15
2020-02-11,32,31
2020-02-12,26,33
2020-02-13,27,25
2020-02-14,12,26
2020-02-15,9,27
2020-02-16,29,24
2020-02-17,22,21
2020-02-18,35,18
2020-02-19,26,12
2020-02-20,16,25
2020-02-21,12,34
2020-02-22,23,30
2020-02-23,26,32
2020-02-24,36,31
2020-02-25,41,22
2020-02-26,31,24
2020-02-27,21,23
2020-02-28,20,21
2020-02-29,18,27
2020-03-01,19,30
2020-03-02,43,24
2020-03-03,40,13
2020-03-04,35,6
2020-03-05,26,9
2020-03-06,31,17
2020-03-07,29,20
2020-03-08,29,22
2020-03-09,48,40
2020-03-10,38,33
2020-03-11,37,24
2020-03-12,42,27
2020-03-13,41,43
2020-03-14,31,38
2020-03-15,32,31
2020-03-16,30,26
2020-03-17,40,29
2020-03-18,29,25
2020-03-19,49,26
2020-03-20,40,41
2020-03-21,30,30
2020-03-22,28,24
2020-03-23,40,28
2020-03-24,37,32
2020-03-25,42,25
2020-03-26,37,23
2020-03-27,49,38
2020-03-28,51,50
2020-03-29,57,51
2020-03-30,41,27
2020-03-31,39,23
2020-04-01,39,25
2020-04-02,32,35
2020-04-03,33,39
2020-04-04,34,42
2020-04-05,43,45
2020-04-06,35,44
2020-04-07,49,56
2020-04-08,51,48
2020-04-09,37,40
2020-04-10,32,40
2020-04-11,32,57
2020-04-12,41,48
2020-04-13,41,47
2020-04-14,35,35
2020-04-15,28,38
2020-04-16,29,53
2020-04-17,29,59
2020-04-18,34,50
2020-04-19,34,49
2020-04-20,38,44
2020-04-21,36,46
2020-04-22,29,51
2020-04-23,37,45
2020-04-24,48,50
2020-04-25,40,48
2020-04-26,42,41
2020-04-27,40,43
2020-04-28,47,36
2020-04-29,52,51
2020-04-30,46,54
2020-05-01,45,61
2020-05-02,39,61
2020-05-03,61,56
2020-05-04,44,53
2020-05-05,37,45
2020-05-06,39,51
2020-05-07,32,50
2020-05-08,32,61
2020-05-09,29,52
2020-05-10,35,47
2020-05-11,38,51
2020-05-12,37,46
2020-05-13,36,42
2020-05-14,45,42
2020-05-15,59,52
2020-05-16,56,61
2020-05-17,61,56
2020-05-18,61,63
2020-05-19,58,54
2020-05-20,52,45
2020-05-21,50,48
2020-05-22,58,64
2020-05-23,55,56
2020-05-24,58,59
2020-05-25,61,63
2020-05-26,64,61
2020-05-27,66,64
2020-05-28,65,65
2020-05-29,60,62
2020-05-30,50,57
2020-05-31,49,57
2020-06-01,41,52
2020-06-02,54,50
2020-06-03,72,43
2020-06-04,64,60
2020-06-05,63,66
2020-06-06,67,61
2020-06-07,56,61
2020-06-08,52,67
2020-06-09,57,60
2020-06-10,67,51
2020-06-11,65,49
2020-06-12,57,53
2020-06-13,55,51
2020-06-14,52,55
2020-06-15,57,64
2020-06-16,55,66
2020-06-17,58,66
2020-06-18,65,66
2020-06-19,63,65
2020-06-20,58,60
2020-06-21,64,52
2020-06-22,66,53
2020-06-23,65,65
2020-06-24,58,67
2020-06-25,56,67
2020-06-26,62,67
2020-06-27,69,64
2020-06-28,68,70
2020-06-29,60,65
2020-06-30,62,56
2020-07-01,66,68
2020-07-02,64,66
2020-07-03,65,70
2020-07-04,71,69
2020-07-05,66,69
2020-07-06,70,70
2020-07-07,67,68
2020-07-08,65,65
2020-07-09,71,69
2020-07-10,69,66
2020-07-11,67,65
2020-07-12,64,61
2020-07-13,63,68
2020-07-14,58,60
2020-07-15,62,71
2020-07-16,73,70
2020-07-17,70,70
2020-07-18,65,74
2020-07-19,75,76
2020-07-20,72,70
2020-07-21,71,64
2020-07-22,70,62
2020-07-23,70,56
2020-07-24,70,58
2020-07-25,66,60
2020-07-26,66,63
2020-07-27,71,70
2020-07-28,70,71
2020-07-29,66,67
2020-07-30,68,66
2020-07-31,69,65
2020-08-01,68,66
2020-08-02,67,63
2020-08-03,63,61
2020-08-04,64,64
2020-08-05,61,66
2020-08-06,60,66
2020-08-07,62,65
2020-08-08,63,64
2020-08-09,60,59
2020-08-10,66,55
2020-08-11,69,59
2020-08-12,69,66
2020-08-13,69,66
2020-08-14,71,63
2020-08-15,65,65
2020-08-16,60,63
2020-08-17,64,68
2020-08-18,60,67
2020-08-19,56,67
2020-08-20,54,69
2020-08-21,60,67
2020-08-22,64,62
2020-08-23,64,57
2020-08-24,68,53
2020-08-25,67,57
2020-08-26,58,62
2020-08-27,68,62
2020-08-28,68,56
2020-08-29,65,64
2020-08-30,57,63
2020-08-31,59,63
2020-09-01,67,63
2020-09-02,70,60
2020-09-03,66,62
2020-09-04,58,55
2020-09-05,51,56
2020-09-06,58,56
2020-09-07,61,55
2020-09-08,62,57
2020-09-09,64,58
2020-09-10,64,66
2020-09-11,64,68
2020-09-12,60,65
2020-09-13,65,59
2020-09-14,54,55
2020-09-15,46,65
2020-09-16,45,64
2020-09-17,54,55
2020-09-18,49,52
2020-09-19,40,53
2020-09-20,41,64
2020-09-21,42,65
2020-09-22,38,64
2020-09-23,49,53
2020-09-24,57,49
2020-09-25,53,54
2020-09-26,55,47
2020-09-27,57,65
2020-09-28,60,62
2020-09-29,54,64
2020-09-30,49,67
2020-10-01,46,69
2020-10-02,43,66
2020-10-03,35,48
2020-10-04,46,44
2020-10-05,44,55
2020-10-06,37,51
2020-10-07,55,49
2020-10-08,44,46
2020-10-09,43,46
2020-10-10,61,50
2020-10-11,62,39
2020-10-12,59,35
2020-10-13,47,47
2020-10-14,46,38
2020-10-15,47,45
2020-10-16,37,42
2020-10-17,30,38
2020-10-18,42,33
2020-10-19,51,47
2020-10-20,55,43
2020-10-21,54,48
2020-10-22,56,44
2020-10-23,55,40
2020-10-24,43,43
2020-10-25,40,46
2020-10-26,45,49
2020-10-27,45,40
2020-10-28,47,47
2020-10-29,45,47
2020-10-30,34,35
2020-10-31,28,31
2020-11-01,32,27
2020-11-02,30,33
2020-11-03,36,35
2020-11-04,38,36
2020-11-05,41,31
2020-11-06,43,29
2020-11-07,38,24
2020-11-08,40,23
2020-11-09,42,35
2020-11-10,51,34
2020-11-11,46,17
2020-11-12,37,13
2020-11-13,32,25
2020-11-14,30,24
2020-11-15,38,30
2020-11-16,37,27
2020-11-17,31,32
2020-11-18,31,32
2020-11-19,30,29
2020-11-20,53,27
2020-11-21,40,28
2020-11-22,38,24
2020-11-23,34,33
2020-11-24,29,33
2020-11-25,39,43
2020-11-26,48,38
2020-11-27,43,35
2020-11-28,33,32
2020-11-29,29,33
2020-11-30,33,36
2020-12-01,28,32
2020-12-02,29,31
2020-12-03,24,32
2020-12-04,36,30
2020-12-05,32,29
2020-12-06,29,23
2020-12-07,26,24
2020-12-08,30,44
2020-12-09,30,27
2020-12-10,33,19
2020-12-11,30,16
2020-12-12,40,28
2020-12-13,36,34
2020-12-14,30,29
2020-12-15,25,28
2020-12-16,27,23
2020-12-17,27,16
2020-12-18,28,9
2020-12-19,27,16
2020-12-20,32,23
2020-12-21,34,25
2020-12-22,32,25
2020-12-23,26,27
2020-12-24,23,28
2020-12-25,14,32
2020-12-26,12,42
2020-12-27,16,38
2020-12-28,31,40
2020-12-29,23,37
2020-12-30,29,29
2020-12-31,29,28
2021-01-01,28,28
2021-01-02,36,45
2021-01-03,35,32
2021-01-04,32,29
2021-01-05,31,34
2021-01-06,31,26
2021-01-07,28,19
2021-01-08,26,16
2021-01-09,20,45
2021-01-10,23,54
2021-01-11,24,36
2021-01-12,25,32
2021-01-13,22,34
2021-01-14,34,34
2021-01-15,28,24
2021-01-16,25,23
2021-01-17,30,23
2021-01-18,29,16
2021-01-19,29,13
2021-01-20,18,14
2021-01-21,20,10
2021-01-22,25,20
2021-01-23,17,37
2021-01-24,12,33
2021-01-25,26,32
2021-01-26,31,32
2021-01-27,25,31
2021-01-28,18,25
2021-01-29,13,23
2021-01-30,8,30
2021-01-31,27,30
2021-02-01,27,31
2021-02-02,23,35
2021-02-03,18,32
2021-02-04,11,30
2021-02-05,28,32
2021-02-06,19,25
2021-02-07,12,23
2021-02-08,10,29
2021-02-09,22,39
2021-02-10,18,32
2021-02-11,19,26
2021-02-12,21,27
2021-02-13,24,12
2021-02-14,23,9
2021-02-15,21,29
2021-02-16,12,22
2021-02-17,8,35
2021-02-18,22,26
2021-02-19,19,16
2021-02-20,10,12
2021-02-21,3,23
2021-02-22,32,26
2021-02-23,33,36
2021-02-24,29,41
2021-02-25,28,31
2021-02-26,24,21
2021-02-27,38,20
2021-02-28,39,18
2021-03-01,27,19
2021-03-02,19,43
2021-03-03,27,40
2021-03-04,22,35
2021-03-05,18,26
2021-03-06,23,31
2021-03-07,16,29
2021-03-08,19,29
2021-03-09,45,48
2021-03-10,39,38
2021-03-11,55,37
2021-03-12,38,42
2021-03-13,26,41
2021-03-14,30,31
2021-03-15,22,32
2021-03-16,40,30
2021-03-17,33,40
2021-03-18,39,29
2021-03-19,29,49
2021-03-20,28,40
2021-03-21,30,30
2021-03-22,36,28
2021-03-23,37,40
2021-03-24,52,37
2021-03-25,50,42
2021-03-26,49,37
2021-03-27,41,49
2021-03-28,36,51
2021-03-29,34,57
2021-03-30,36,41
2021-03-31,38,39
2021-04-01,24,39
2021-04-02,20,32
2021-04-03,23,33
2021-04-04,44,34
2021-04-05,35,43
2021-04-06,45,35
2021-04-07,54,49
2021-04-08,56,51
2021-04-09,57,37
2021-04-10,53,32
2021-04-11,53,32
2021-04-12,47,41
2021-04-13,42,41
2021-04-14,49,35
2021-04-15,39,28
2021-04-16,39,29
2021-04-17,38,29
2021-04-18,32,34
2021-04-19,39,34
2021-04-20,40,38
2021-04-21,32,36
2021-04-22,31,29
2021-04-23,32,37
2021-04-24,36,48
2021-04-25,41,40
2021-04-26,32,42
2021-04-27,45,40
2021-04-28,66,47
2021-04-29,50,52
2021-04-30,41,46
2021-05-01,32,45
2021-05-02,59,39
2021-05-03,56,61
2021-05-04,59,44
2021-05-05,43,37
2021-05-06,37,39
2021-05-07,42,32
2021-05-08,42,32
2021-05-09,39,29
2021-05-10,39,35
2021-05-11,40,38
2021-05-12,36,37
2021-05-13,37,36
2021-05-14,38,45
2021-05-15,41,59
2021-05-16,50,56
2021-05-17,46,61
2021-05-18,47,61
2021-05-19,49,58
2021-05-20,57,52
2021-05-21,60,50
2021-05-22,60,58
2021-05-23,65,55
2021-05-24,67,58
2021-05-25,63,61
2021-05-26,65,64
2021-05-27,58,66
2021-05-28,50,65
2021-05-29,47,60
2021-05-30,47,50
2021-05-31,46,49
2021-06-01,52,41
2021-06-02,59,54
2021-06-03,62,72
2021-06-04,61,64
2021-06-05,66,63
2021-06-06,63,67
2021-06-07,70,56
2021-06-08,71,52
2021-06-09,69,57
2021-06-10,67,67
2021-06-11,66,65
2021-06-12,60,57
2021-06-13,66,55
2021-06-14,59,52
2021-06-15,56,57
2021-06-16,49,55
2021-06-17,45,58
2021-06-18,58,65
2021-06-19,69,63
2021-06-20,67,58
2021-06-21,64,64
2021-06-22,51,66
2021-06-23,47,65
2021-06-24,56,58
2021-06-25,62,56
2021-06-26,67,62
2021-06-27,68,69
2021-06-28,70,68
2021-06-29,73,60
2021-06-30,68,62
2021-07-01,66,66
2021-07-02,57,64
2021-07-03,58,65
2021-07-04,62,71
2021-07-05,64,66
2021-07-06,73,70
2021-07-07,68,67
2021-07-08,66,65
2021-07-09,63,71
2021-07-10,55,69
2021-07-11,64,67
2021-07-12,70,64
2021-07-13,68,63
2021-07-14,70,58
2021-07-15,68,62
2021-07-16,69,73
2021-07-17,63,70
2021-07-18,60,65
2021-07-19,63,75
2021-07-20,63,72
2021-07-21,64,71
2021-07-22,57,70
2021-07-23,60,70
2021-07-24,65,70
2021-07-25,73,66
2021-07-26,68,66
2021-07-27,60,71
2021-07-28,64,70
2021-07-29,66,66
2021-07-30,64,68
2021-07-31,58,69
2021-08-01,60,68
2021-08-02,57,67
2021-08-03,58,63
2021-08-04,61,64
2021-08-05,61,61
2021-08-06,62,60
2021-08-07,67,62
2021-08-08,65,63
2021-08-09,68,60
2021-08-10,68,66
2021-08-11,70,69
2021-08-12,68,69
2021-08-13,67,69
2021-08-14,66,71
2021-08-15,61,65
2021-08-16,66,60
2021-08-17,68,64
2021-08-18,69,60
2021-08-19,67,56
2021-08-20,68,54
2021-08-21,61,60
2021-08-22,65,64
2021-08-23,69,64
2021-08-24,66,68
2021-08-25,67,67
2021-08-26,70,58
2021-08-27,68,68
2021-08-28,71,68
2021-08-29,71,65
2021-08-30,69,57
2021-08-31,68,59
2021-09-01,61,67
2021-09-02,53,70
2021-09-03,50,66
2021-09-04,60,58
2021-09-05,61,51
2021-09-06,58,58
2021-09-07,56,61
2021-09-08,62,62
2021-09-09,56,64
2021-09-10,53,64
2021-09-11,52,64
2021-09-12,66,60
2021-09-13,69,65
2021-09-14,66,54
2021-09-15,63,46
2021-09-16,59,45
2021-09-17,64,54
2021-09-18,65,49
2021-09-19,63,40
2021-09-20,60,41
2021-09-21,65,42
2021-09-22,59,38
2021-09-23,53,49
2021-09-24,50,57
2021-09-25,48,53
2021-09-26,49,55
2021-09-27,55,57
2021-09-28,55,60
2021-09-29,50,54
2021-09-30,45,49
2021-10-01,45,46
2021-10-02,44,43
2021-10-03,61,35
2021-10-04,63,46
2021-10-05,56,44
2021-10-06,61,37
2021-10-07,62,55
2021-10-08,63,44
2021-10-09,62,43
2021-10-10,58,61
2021-10-11,57,62
2021-10-12,57,59
2021-10-13,56,47
2021-10-14,52,46
2021-10-15,65,47
2021-10-16,51,37
2021-10-17,48,30
2021-10-18,42,42
2021-10-19,39,51
2021-10-20,48,55
2021-10-21,48,54
2021-10-22,48,56
2021-10-23,44,55
2021-10-24,47,43
2021-10-25,53,40
2021-10-26,44,45
2021-10-27,44,45
2021-10-28,45,47
2021-10-29,48,45
2021-10-30,46,34
2021-10-31,49,28
2021-11-01,39,32
2021-11-02,35,30
2021-11-03,31,36
2021-11-04,27,38
2021-11-05,26,41
2021-11-06,25,43
2021-11-07,28,38
2021-11-08,34,40
2021-11-09,48,42
2021-11-10,46,51
2021-11-11,45,46
2021-11-12,41,37
2021-11-13,32,32
2021-11-14,32,30
2021-11-15,33,38
2021-11-16,34,37
2021-11-17,35,31
2021-11-18,36,31
2021-11-19,28,30
2021-11-20,25,53
2021-11-21,34,40
2021-11-22,29,38
2021-11-23,23,34
2021-11-24,22,29
2021-11-25,40,39
2021-11-26,27,48
2021-11-27,27,43
2021-11-28,30,33
2021-11-29,31,29
2021-11-30,30,33
2021-12-01,29,28
2021-12-02,43,29
2021-12-03,37,24
2021-12-04,31,36
2021-12-05,27,32
2021-12-06,29,29
2021-12-07,22,26
2021-12-08,26,30
2021-12-09,21,30
2021-12-10,41,33
2021-12-11,37,30
2021-12-12,29,40
2021-12-13,29,36
2021-12-14,27,30
2021-12-15,40,25
2021-12-18,36,27
2021-12-19,31,27
2021-12-20,25,28
2021-12-21,23,27
2021-12-22,22,32
2021-12-23,20,34
2021-12-24,46,32
2021-12-25,43,26
2021-12-26,33,23
2021-12-27,32,14
2021-12-28,37,12
2021-12-29,40,16
2021-12-30,42,31
2021-12-31,46,23
2022-01-01,43,29
2022-01-02,27,29
2022-01-03,20,28
2022-01-04,18,36
2022-01-05,29,35
2022-01-06,18,32
2022-01-07,13,31
2022-01-08,7,31
2022-01-09,24,28
2022-01-10,17,26
2022-01-11,12,20
2022-01-12,26,23
2022-01-13,34,24
2022-01-14,24,25
2022-01-15,14,22
2022-01-16,12,34
2022-01-17,24,28
2022-01-18,25,25
2022-01-19,27,30
2022-01-20,12,29
2022-01-21,5,29
2022-01-22,-2,18
2022-01-23,15,20
2022-01-24,13,25
2022-01-25,9,17
2022-01-26,0,12
2022-01-27,-2,26
2022-01-28,13,31
2022-01-29,3,25
2022-01-30,2,18
2022-01-31,6,13
2022-02-01,17,8
2022-02-02,30,27
2022-02-03,28,27
2022-02-04,19,23
2022-02-05,11,18
2022-02-06,8,11
2022-02-07,19,28
2022-02-08,21,19
2022-02-09,24,12
2022-02-10,29,10
2022-02-11,24,22
2022-02-12,24,18
2022-02-13,16,19
2022-02-14,10,21
2022-02-15,9,24
2022-02-16,29,23
2022-02-17,36,21
2022-02-18,20,12
2022-02-19,14,8
2022-02-20,11,22
2022-02-21,42,19
2022-02-22,48,10
2022-02-23,27,3
2022-02-24,26,32
2022-02-25,23,33
2022-02-26,22,29
2022-02-27,24,28
2022-02-28,25,24
2022-03-01,33,38
2022-03-02,30,39
2022-03-03,22,27
2022-03-04,17,19
2022-03-05,32,27
2022-03-06,57,22
2022-03-07,35,18
2022-03-08,32,23
2022-03-09,30,16
2022-03-10,25,19
2022-03-11,28,45
2022-03-12,15,39
2022-03-13,9,55
2022-03-14,30,38
2022-03-15,35,26
2022-03-16,38,30
2022-03-17,46,22
2022-03-18,44,40
2022-03-19,43,33
2022-03-20,37,39
2022-03-21,37,29
2022-03-22,43,28
2022-03-23,44,30
2022-03-24,47,36
2022-03-25,38,37
2022-03-26,32,52
2022-03-27,24,50
2022-03-28,19,49
2022-03-29,14,41
2022-03-30,32,36
2022-03-31,44,34
2022-04-01,33,36
2022-04-02,34,38
2022-04-03,35,24
2022-04-04,29,20
2022-04-05,34,23
2022-04-06,48,44
2022-04-07,42,35
2022-04-08,37,45
2022-04-09,35,54
2022-04-10,35,56
2022-04-11,36,57
2022-04-12,48,53
2022-04-13,55,53
2022-04-14,48,47
2022-04-15,41,42
2022-04-16,41,49
2022-04-17,32,39
2022-04-18,34,39
2022-04-19,33,38
2022-04-20,30,32
2022-04-21,48,39
2022-04-22,43,40
2022-04-23,54,32
2022-04-24,59,31
2022-04-25,57,32
2022-04-26,43,36
2022-04-27,32,41
2022-04-28,29,32
2022-04-29,31,45
2022-04-30,44,66
2022-05-01,52,50
2022-05-02,53,41
2022-05-03,49,32
2022-05-04,53,59
2022-05-05,52,56
2022-05-06,50,59
2022-05-07,47,43
2022-05-08,42,37
2022-05-09,42,42
2022-05-10,45,42
2022-05-11,47,39
2022-05-12,49,39
2022-05-13,61,40
2022-05-14,60,36
2022-05-15,59,37
2022-05-16,53,38
2022-05-17,52,41
2022-05-18,43,50
2022-05-19,56,46
2022-05-20,65,47
2022-05-21,64,49
2022-05-22,54,57
2022-05-23,50,60
2022-05-24,51,60
2022-05-25,54,65
2022-05-26,58,67
2022-05-27,60,63
2022-05-28,57,65
2022-05-29,53,58
2022-05-30,59,50
2022-05-31,63,47
2022-06-01,66,47
2022-06-02,57,46
2022-06-03,50,52
2022-06-04,51,59
2022-06-05,54,62
2022-06-06,57,61
2022-06-07,62,66
2022-06-08,52,63
2022-06-09,58,70
2022-06-10,53,71
2022-06-11,59,69
2022-06-12,61,67
2022-06-13,68,66
2022-06-14,67,60
2022-06-15,69,66
2022-06-16,72,59
2022-06-17,70,56
2022-06-18,55,49
2022-06-19,47,45
2022-06-20,58,58
2022-06-21,60,69
2022-06-22,72,67
2022-06-23,65,64
2022-06-24,59,51
2022-06-25,59,47
2022-06-26,69,56
2022-06-27,59,62
2022-06-28,54,67
2022-06-29,55,68
2022-06-30,58,70
2022-07-01,66,73
2022-07-02,68,68
2022-07-03,65,66
2022-07-04,59,57
2022-07-05,69,58
2022-07-06,70,62
2022-07-07,68,64
2022-07-08,66,73
2022-07-09,68,68
2022-07-10,63,66
2022-07-11,66,63
2022-07-12,72,55
2022-07-13,65,64
2022-07-14,61,70
2022-07-15,61,68
2022-07-16,63,70
2022-07-17,66,68
2022-07-18,68,69
2022-07-19,67,63
2022-07-20,70,60
2022-07-21,67,63
2022-07-22,68,63
2022-07-23,66,64
2022-07-24,68,57
2022-07-25,69,60
2022-07-26,59,65
2022-07-27,66,73
2022-07-28,72,68
2022-07-29,67,60
2022-07-30,61,64
2022-07-31,62,66
2022-08-01,62,64
2022-08-02,68,58
2022-08-03,62,60
2022-08-04,72,57
2022-08-05,69,58
2022-08-06,69,61
2022-08-07,71,61
2022-08-08,71,62
2022-08-09,70,67
2022-08-10,67,65
2022-08-11,60,68
2022-08-12,58,68
2022-08-13,51,70
2022-08-14,62,68
2022-08-15,59,67
2022-08-16,62,66
2022-08-17,61,61
2022-08-18,56,66
2022-08-19,59,68
2022-08-20,62,69
2022-08-21,63,67
2022-08-22,64,68
2022-08-23,63,61
2022-08-24,61,65
2022-08-25,61,69
2022-08-26,67,66
2022-08-27,65,67
2022-08-28,60,70
2022-08-29,70,68
2022-08-30,65,71
2022-08-31,59,71
2022-09-01,61,69
2022-09-02,59,68
2022-09-03,66,61
2022-09-04,65,53
2022-09-05,67,50
2022-09-06,66,60
2022-09-07,64,61
2022-09-08,62,58
2022-09-09,57,56
2022-09-10,61,62
2022-09-11,63,56
2022-09-12,60,53
2022-09-13,53,52
2022-09-14,53,66
2022-09-15,57,69
2022-09-16,53,66
2022-09-17,56,63
2022-09-18,61,59
2022-09-19,63,64
2022-09-20,59,65
2022-09-21,60,63
2022-09-22,50,60
2022-09-23,43,65
2022-09-24,47,59
2022-09-25,55,53
2022-09-26,50,50
2022-09-27,45,48
2022-09-28,44,49
2022-09-29,47,55
2022-09-30,42,55
2022-10-01,50,50
2022-10-02,51,45
2022-10-03,41,45
2022-10-04,43,44
2022-10-05,44,61
2022-10-06,45,63
2022-10-07,45,56
2022-10-08,40,61
2022-10-09,38,62
2022-10-10,43,63
2022-10-11,43,62
2022-10-12,44,58
2022-10-13,45,57
2022-10-14,36,57
2022-10-15,40,56
2022-10-16,37,52
2022-10-17,41,65
2022-10-18,36,51
2022-10-19,34,48
2022-10-20,33,42
2022-10-21,35,39
2022-10-22,40,48
2022-10-23,39,48
2022-10-24,37,48
2022-10-25,41,44
2022-10-26,46,47
2022-10-27,43,53
2022-10-28,37,44
2022-10-29,34,44
2022-10-30,36,45
2022-10-31,49,48
2022-11-01,51,46
2022-11-02,44,49
2022-11-03,41,39
2022-11-04,47,35
2022-11-05,57,31
2022-11-06,60,27
2022-11-07,45,26
2022-11-08,38,25
2022-11-09,36,28
2022-11-10,41,34
2022-11-11,53,48
2022-11-12,34,46
2022-11-13,33,45
2022-11-14,31,41
2022-11-15,29,32
2022-11-16,32,32
2022-11-17,29,33
2022-11-18,25,34