ds,y,y_lag365,y_lag730
2014-01-01,28,28,
2014-01-02,24,24,
2014-01-03,11,11,
2014-01-04,23,23,
2014-01-05,35,35,
2014-01-06,16,16,
2014-01-07,-2,-2,
2014-01-08,15,15,
2014-01-09,27,27,
2014-01-10,39,39,
2014-01-11,48,48,
2014-01-12,34,34,
2014-01-13,43,43,
2014-01-14,41,41,
2014-01-15,31,31,
2014-01-16,26,26,
2014-01-17,32,32,
2014-01-18,16,16,
2014-01-19,26,26,
2014-01-20,33,33,
2014-01-21,15,15,
2014-01-22,5,5,
2014-01-23,10,10,
2014-01-24,9,9,
2014-01-25,21,21,
2014-01-26,18,18,
2014-01-27,18,18,
2014-01-28,1,1,
2014-01-29,7,7,
2014-01-30,19,19,
2014-01-31,35,35,
2014-02-01,43,43,
2014-02-02,36,36,
2014-02-03,25,25,
2014-02-04,24,24,
2014-02-05,28,28,
2014-02-06,19,19,
2014-02-07,15,15,
2014-02-08,15,15,
2014-02-09,22,22,
2014-02-10,15,15,
2014-02-11,13,13,
2014-02-12,16,16,
2014-02-13,25,25,
2014-02-14,30,30,
2014-02-15,23,23,
2014-02-16,19,19,
2014-02-17,20,20,
2014-02-18,37,37,
2014-02-19,41,41,
2014-02-20,40,40,
2014-02-21,45,45,
2014-02-22,43,43,
2014-02-23,36,36,
2014-02-24,26,26,
2014-02-25,24,24,
2014-02-26,18,18,
2014-02-27,15,15,
2014-02-28,14,14,
2014-03-01,35,35,
2014-03-02,23,23,
2014-03-03,12,12,
2014-03-04,19,19,
2014-03-05,24,24,
2014-03-06,27,27,
2014-03-07,37,37,
2014-03-08,39,39,
2014-03-09,31,31,
2014-03-10,46,46,
2014-03-11,56,56,
2014-03-12,37,37,
2014-03-13,18,18,
2014-03-14,45,45,
2014-03-15,43,43,
2014-03-16,27,27,
2014-03-17,30,30,
2014-03-18,39,39,
2014-03-19,46,46,
2014-03-20,39,39,
2014-03-21,35,35,
2014-03-22,46,46,
2014-03-23,29,29,
2014-03-24,24,24,
2014-03-25,28,28,
2014-03-26,22,22,
2014-03-27,38,38,
2014-03-28,54,54,
2014-03-29,43,43,
2014-03-30,37,37,
2014-03-31,44,44,
2014-04-01,56,56,
2014-04-02,52,52,
2014-04-03,51,51,
2014-04-04,55,55,
2014-04-05,39,39,
2014-04-06,43,43,
2014-04-07,49,49,
2014-04-08,51,51,
2014-04-09,47,47,
2014-04-10,57,57,
2014-04-11,55,55,
2014-04-12,56,56,
2014-04-13,71,71,
2014-04-14,68,68,
2014-04-15,39,39,
2014-04-16,34,34,
2014-04-17,49,49,
2014-04-18,54,54,
2014-04-19,55,55,
2014-04-20,58,58,
2014-04-21,64,64,
2014-04-22,58,58,
2014-04-23,43,43,
2014-04-24,46,46,
2014-04-25,54,54,
2014-04-26,54,54,
2014-04-27,49,49,
2014-04-28,51,51,
2014-04-29,53,53,
2014-04-30,54,54,
2014-05-01,56,56,
2014-05-02,52,52,
2014-05-03,54,54,
2014-05-04,55,55,
2014-05-05,49,49,
2014-05-06,57,57,
2014-05-07,58,58,
2014-05-08,71,71,
2014-05-09,74,74,
2014-05-10,64,64,
2014-05-11,64,64,
2014-05-12,67,67,
2014-05-13,75,75,
2014-05-14,72,72,
2014-05-15,63,63,
2014-05-16,51,51,
2014-05-17,48,48,
2014-05-18,52,52,
2014-05-19,57,57,
2014-05-20,62,62,
2014-05-21,68,68,
2014-05-22,67,67,
2014-05-23,58,58,
2014-05-24,62,62,
2014-05-25,65,65,
2014-05-26,71,71,
2014-05-27,72,72,
2014-05-28,70,70,
2014-05-29,69,69,
2014-05-30,67,67,
2014-05-31,68,68,
2014-06-01,71,71,
2014-06-02,72,72,
2014-06-03,75,75,
2014-06-04,65,65,
2014-06-05,62,62,
2014-06-06,63,63,
2014-06-07,68,68,
2014-06-08,68,68,
2014-06-09,65,65,
2014-06-10,67,67,
2014-06-11,70,70,
2014-06-12,71,71,
2014-06-13,69,69,
2014-06-14,62,62,
2014-06-15,67,67,
2014-06-16,73,73,
2014-06-17,78,78,
2014-06-18,78,78,
2014-06-19,70,70,
2014-06-20,70,70,
2014-06-21,68,68,
2014-06-22,70,70,
2014-06-23,75,75,
2014-06-24,77,77,
2014-06-25,72,72,
2014-06-26,71,71,
2014-06-27,75,75,
2014-06-28,77,77,
2014-06-29,76,76,
2014-06-30,77,77,
2014-07-01,80,80,
2014-07-02,79,79,
2014-07-03,72,72,
2014-07-04,66,66,
2014-07-05,66,66,
2014-07-06,69,69,
2014-07-07,76,76,
2014-07-08,74,74,
2014-07-09,73,73,
2014-07-10,72,72,
2014-07-11,74,74,
2014-07-12,76,76,
2014-07-13,76,76,
2014-07-14,73,73,
2014-07-15,72,72,
2014-07-16,64,64,
2014-07-17,65,65,
2014-07-18,68,68,
2014-07-19,65,65,
2014-07-20,71,71,
2014-07-21,76,76,
2014-07-22,78,78,
2014-07-23,76,76,
2014-07-24,68,68,
2014-07-25,66,66,
2014-07-26,72,72,
2014-07-27,72,72,
2014-07-28,64,64,
2014-07-29,59,59,
2014-07-30,63,63,
2014-07-31,67,67,
2014-08-01,71,71,
2014-08-02,70,70,
2014-08-03,68,68,
2014-08-04,70,70,
2014-08-05,70,70,
2014-08-06,70,70,
2014-08-07,68,68,
2014-08-08,68,68,
2014-08-09,71,71,
2014-08-10,74,74,
2014-08-11,69,69,
2014-08-12,70,70,
2014-08-13,65,65,
2014-08-14,63,63,
2014-08-15,60,60,
2014-08-16,64,64,
2014-08-17,71,71,
2014-08-18,73,73,
2014-08-19,74,74,
2014-08-20,71,71,
2014-08-21,71,71,
2014-08-22,73,73,
2014-08-23,74,74,
2014-08-24,71,71,
2014-08-25,70,70,
2014-08-26,71,71,
2014-08-27,75,75,
2014-08-28,67,67,
2014-08-29,66,66,
2014-08-30,75,75,
2014-08-31,72,72,
2014-09-01,74,74,
2014-09-02,75,75,
2014-09-03,71,71,
2014-09-04,73,73,
2014-09-05,75,75,
2014-09-06,70,70,
2014-09-07,63,63,
2014-09-08,66,66,
2014-09-09,70,70,
2014-09-10,73,73,
2014-09-11,67,67,
2014-09-12,58,58,
2014-09-13,56,56,
2014-09-14,53,53,
2014-09-15,57,57,
2014-09-16,59,59,
2014-09-17,59,59,
2014-09-18,61,61,
2014-09-19,61,61,
2014-09-20,67,67,
2014-09-21,69,69,
2014-09-22,54,54,
2014-09-23,53,53,
2014-09-24,61,61,
2014-09-25,63,63,
2014-09-26,64,64,
2014-09-27,64,64,
2014-09-28,63,63,
2014-09-29,66,66,
2014-09-30,60,60,
2014-10-01,58,58,
2014-10-02,62,62,
2014-10-03,64,64,
2014-10-04,47,47,
2014-10-05,46,46,
2014-10-06,55,55,
2014-10-07,56,56,
2014-10-08,55,55,
2014-10-09,52,52,
2014-10-10,51,51,
2014-10-11,51,51,
2014-10-12,51,51,
2014-10-13,63,63,
2014-10-14,70,70,
2014-10-15,58,58,
2014-10-16,55,55,
2014-10-17,60,60,
2014-10-18,51,51,
2014-10-19,46,46,
2014-10-20,49,49,
2014-10-21,50,50,
2014-10-22,48,48,
2014-10-23,51,51,
2014-10-24,48,48,
2014-10-25,56,56,
2014-10-26,52,52,
2014-10-27,53,53,
2014-10-28,69,69,
2014-10-29,51,51,
2014-10-30,44,44,
2014-10-31,43,43,
2014-11-01,40,40,
2014-11-02,38,38,
2014-11-03,43,43,
2014-11-04,57,57,
2014-11-05,51,51,
2014-11-06,46,46,
2014-11-07,38,38,
2014-11-08,40,40,
2014-11-09,44,44,
2014-11-10,52,52,
2014-11-11,59,59,
2014-11-12,40,40,
2014-11-13,32,32,
2014-11-14,28,28,
2014-11-15,29,29,
2014-11-16,34,34,
2014-11-17,31,31,
2014-11-18,17,17,
2014-11-19,25,25,
2014-11-20,26,26,
2014-11-21,21,21,
2014-11-22,34,34,
2014-11-23,54,54,
2014-11-24,58,58,
2014-11-25,39,39,
2014-11-26,32,32,
2014-11-27,31,31,
2014-11-28,26,26,
2014-11-29,40,40,
2014-11-30,59,59,
2014-12-01,41,41,
2014-12-02,33,33,
2014-12-03,37,37,
2014-12-04,31,31,
2014-12-05,37,37,
2014-12-06,40,40,
2014-12-07,34,34,
2014-12-08,35,35,
2014-12-09,38,38,
2014-12-10,33,33,
2014-12-11,29,29,
2014-12-12,29,29,
2014-12-13,31,31,
2014-12-14,41,41,
2014-12-15,43,43,
2014-12-16,44,44,
2014-12-17,34,34,
2014-12-18,28,28,
2014-12-19,29,29,
2014-12-20,28,28,
2014-12-21,29,29,
2014-12-22,34,34,
2014-12-23,46,46,
2014-12-24,52,52,
2014-12-25,39,39,
2014-12-26,39,39,
2014-12-27,46,46,
2014-12-28,39,39,
2014-12-29,25,25,
2014-12-30,25,25,
2014-12-31,25,25,
2015-01-01,25,28,
2015-01-02,30,24,
2015-01-03,38,11,
2015-01-04,49,23,
2015-01-05,19,35,
2015-01-06,16,16,
2015-01-07,9,-2,
2015-01-08,6,15,
2015-01-09,16,27,
2015-01-10,8,39,
2015-01-11,27,48,
2015-01-12,32,34,
2015-01-13,19,43,
2015-01-14,19,41,
2015-01-15,24,31,
2015-01-16,28,26,
2015-01-17,34,32,
2015-01-18,40,16,
2015-01-19,34,26,
2015-01-20,32,33,
2015-01-21,33,15,
2015-01-22,31,5,
2015-01-23,31,10,
2015-01-24,29,9,
2015-01-25,33,21,
2015-01-26,26,18,
2015-01-27,20,18,
2015-01-28,16,1,
2015-01-29,29,7,
2015-01-30,20,19,
2015-01-31,18,35,
2015-02-01,31,43,
2015-02-02,24,36,
2015-02-03,19,25,
2015-02-04,33,24,
2015-02-05,14,28,
2015-02-06,19,19,
2015-02-07,35,15,
2015-02-08,47,15,
2015-02-09,29,22,
2015-02-10,23,15,
2015-02-11,28,13,
2015-02-12,20,16,
2015-02-13,12,25,
2015-02-14,18,30,
2015-02-15,1,23,
2015-02-16,3,19,
2015-02-17,13,20,
2015-02-18,15,37,
2015-02-19,3,41,
2015-02-20,4,40,
2015-02-21,24,45,
2015-02-22,29,43,
2015-02-23,9,36,
2015-02-24,12,26,
2015-02-25,26,24,
2015-02-26,17,18,
2015-02-27,10,15,
2015-02-28,15,14,
2015-03-01,30,35,
2015-03-02,25,23,
2015-03-03,32,12,
2015-03-04,34,19,
2015-03-05,16,24,
2015-03-06,12,27,
2015-03-07,30,37,
2015-03-08,40,39,
2015-03-09,43,31,
2015-03-10,40,46,
2015-03-11,41,56,
2015-03-12,38,37,
2015-03-13,45,18,
2015-03-14,47,45,
2015-03-15,38,43,
2015-03-16,51,27,
2015-03-17,44,30,
2015-03-18,34,39,
2015-03-19,37,46,
2015-03-20,38,39,
2015-03-21,44,35,
2015-03-22,32,46,
2015-03-23,29,29,
2015-03-24,37,24,
2015-03-25,47,28,
2015-03-26,43,22,
2015-03-27,31,38,
2015-03-28,21,54,
2015-03-29,31,43,
2015-03-30,45,37,
2015-03-31,45,44,
2015-04-01,43,56,
2015-04-02,53,52,
2015-04-03,56,51,
2015-04-04,42,55,
2015-04-05,52,39,
2015-04-06,55,43,
2015-04-07,58,49,
2015-04-08,62,51,
2015-04-09,63,47,
2015-04-10,61,57,
2015-04-11,50,55,
2015-04-12,54,56,
2015-04-13,67,71,
2015-04-14,57,68,
2015-04-15,56,39,
2015-04-16,53,34,
2015-04-17,62,49,
2015-04-18,63,54,
2015-04-19,60,55,
2015-04-20,60,58,
2015-04-21,52,64,
2015-04-22,43,58,
2015-04-23,39,43,
2015-04-24,43,46,
2015-04-25,44,54,
2015-04-26,50,54,
2015-04-27,43,49,
2015-04-28,51,51,
2015-04-29,56,53,
2015-04-30,53,54,
2015-05-01,56,56,
2015-05-02,60,52,
2015-05-03,64,54,
2015-05-04,67,55,
2015-05-05,66,49,
2015-05-06,70,57,
2015-05-07,72,58,
2015-05-08,75,71,
2015-05-09,77,74,
2015-05-10,77,64,
2015-05-11,76,64,
2015-05-12,65,67,
2015-05-13,50,75,
2015-05-14,55,72,
2015-05-15,67,63,
2015-05-16,70,51,
2015-05-17,71,48,
2015-05-18,72,52,
2015-05-19,67,57,
2015-05-20,51,62,
2015-05-21,51,68,
2015-05-22,55,67,
2015-05-23,57,58,
2015-05-24,66,62,
2015-05-25,73,65,
2015-05-26,73,71,
2015-05-27,72,72,
2015-05-28,72,70,
2015-05-29,74,69,
2015-05-30,73,67,
2015-05-31,72,68,
2015-06-01,52,71,
2015-06-02,58,72,
2015-06-03,62,75,
2015-06-04,67,65,
2015-06-05,70,62,
2015-06-06,67,63,
2015-06-07,71,68,
2015-06-08,74,68,
2015-06-09,68,65,
2015-06-10,73,67,
2015-06-11,80,70,
2015-06-12,77,71,
2015-06-13,74,69,
2015-06-14,74,62,
2015-06-15,76,67,
2015-06-16,74,73,
2015-06-17,68,78,
2015-06-18,74,78,
2015-06-19,70,70,
2015-06-20,71,70,
2015-06-21,75,68,
2015-06-22,77,70,
2015-06-23,77,75,
2015-06-24,70,77,
2015-06-25,68,72,
2015-06-26,71,71,
2015-06-27,68,75,
2015-06-28,61,77,
2015-06-29,64,76,
2015-06-30,67,77,
2015-07-01,67,80,
2015-07-02,68,79,
2015-07-03,69,72,
2015-07-04,72,66,
2015-07-05,71,66,
2015-07-06,73,69,
2015-07-07,75,76,
2015-07-08,69,74,
2015-07-09,72,73,
2015-07-10,68,72,
2015-07-11,73,74,
2015-07-12,69,76,
2015-07-13,73,76,
2015-07-14,72,73,
2015-07-15,70,72,
2015-07-16,67,64,
2015-07-17,73,65,
2015-07-18,81,68,
2015-07-19,79,65,
2015-07-20,77,71,
2015-07-21,75,76,
2015-07-22,68,78,
2015-07-23,71,76,
2015-07-24,72,68,
2015-07-25,75,66,
2015-07-26,77,72,
2015-07-27,79,72,
2015-07-28,80,64,
2015-07-29,81,59,
2015-07-30,80,63,
2015-07-31,76,67,
2015-08-01,74,71,
2015-08-02,75,70,
2015-08-03,72,68,
2015-08-04,72,70,
2015-08-05,71,70,
2015-08-06,66,70,
2015-08-07,69,68,
2015-08-08,74,68,
2015-08-09,77,71,
2015-08-10,76,74,
2015-08-11,74,69,
2015-08-12,69,70,
2015-08-13,67,65,
2015-08-14,74,63,
2015-08-15,76,60,
2015-08-16,78,64,
2015-08-17,79,71,
2015-08-18,74,73,
2015-08-19,78,74,
2015-08-20,74,71,
2015-08-21,68,71,
2015-08-22,68,73,
2015-08-23,70,74,
2015-08-24,71,71,
2015-08-25,64,70,
2015-08-26,62,71,
2015-08-27,64,75,
2015-08-28,67,67,
2015-08-29,71,66,
2015-08-30,75,75,
2015-08-31,77,72,
2015-09-01,78,74,
2015-09-02,79,75,
2015-09-03,77,71,
2015-09-04,77,73,
2015-09-05,75,75,
2015-09-06,77,70,
2015-09-07,79,63,
2015-09-08,79,66,
2015-09-09,76,70,
2015-09-10,68,73,
2015-09-11,68,67,
2015-09-12,60,58,
2015-09-13,57,56,
2015-09-14,62,53,
2015-09-15,65,57,
2015-09-16,69,59,
2015-09-17,69,59,
2015-09-18,70,61,
2015-09-19,71,61,
2015-09-20,62,67,
2015-09-21,62,69,
2015-09-22,66,54,
2015-09-23,65,53,
2015-09-24,68,61,
2015-09-25,67,63,
2015-09-26,66,64,
2015-09-27,67,64,
2015-09-28,67,63,
2015-09-29,68,66,
2015-09-30,61,60,
2015-10-01,58,58,
2015-10-02,51,62,
2015-10-03,48,64,
2015-10-04,56,47,
2015-10-05,58,46,
2015-10-06,63,55,
2015-10-07,64,56,
2015-10-08,63,55,
2015-10-09,64,52,
2015-10-10,54,51,
2015-10-11,55,51,
2015-10-12,61,51,
2015-10-13,59,63,
2015-10-14,53,70,
2015-10-15,53,58,
2015-10-16,49,55,
2015-10-17,40,60,
2015-10-18,38,51,
2015-10-19,44,46,
2015-10-20,58,49,
2015-10-21,59,50,
2015-10-22,62,48,
2015-10-23,53,51,
2015-10-24,58,48,
2015-10-25,55,56,
2015-10-26,47,52,
2015-10-27,49,53,
2015-10-28,58,69,
2015-10-29,52,51,
2015-10-30,45,44,
2015-10-31,50,43,
2015-11-01,57,40,
2015-11-02,54,38,
2015-11-03,56,43,
2015-11-04,62,57,
2015-11-05,66,51,
2015-11-06,65,46,
2015-11-07,47,38,
2015-11-08,42,40,
2015-11-09,45,44,
2015-11-10,50,52,
2015-11-11,46,59,
2015-11-12,51,40,
2015-11-13,44,32,
2015-11-14,42,28,
2015-11-15,50,29,
2015-11-16,49,34,
2015-11-17,54,31,
2015-11-18,59,17,
2015-11-19,57,25,
2015-11-20,40,26,
2015-11-21,43,21,
2015-11-22,32,34,
2015-11-23,30,54,
2015-11-24,37,58,
2015-11-25,43,39,
2015-11-26,53,32,
2015-11-27,57,31,
2015-11-28,46,26,
2015-11-29,38,40,
2015-11-30,38,59,
2015-12-01,50,41,
2015-12-02,45,33,
2015-12-03,36,37,
2015-12-04,38,31,
2015-12-05,33,37,
2015-12-06,34,40,
2015-12-07,35,34,
2015-12-08,38,35,
2015-12-09,44,38,
2015-12-10,48,33,
2015-12-11,53,29,
2015-12-12,62,29,
2015-12-13,59,31,
2015-12-14,56,41,
2015-12-15,45,43,
2015-12-16,48,44,
2015-12-17,45,34,
2015-12-18,31,28,
2015-12-19,28,29,
2015-12-20,31,28,
2015-12-21,47,29,
2015-12-22,54,34,
2015-12-23,56,46,
2015-12-24,56,52,
2015-12-25,50,39,
2015-12-26,51,39,
2015-12-27,52,46,
2015-12-28,37,39,
2015-12-29,46,32,
2015-12-30,43,25,
2015-12-31,34,21,
2016-01-01,31,27,28
2016-01-02,30,30,24
2016-01-03,32,38,11
2016-01-04,22,49,23
2016-01-05,16,19,35
2016-01-06,25,16,16
2016-01-07,30,9,-2
2016-01-08,32,6,15
2016-01-09,46,16,27
2016-01-10,37,8,39
2016-01-11,18,27,48
2016-01-12,22,32,34
2016-01-13,11,19,43
2016-01-14,34,19,41
2016-01-15,43,24,31
2016-01-16,35,28,26
2016-01-17,26,34,32
2016-01-18,9,40,16
2016-01-19,11,34,26
2016-01-20,13,32,33
2016-01-21,17,33,15
2016-01-22,17,31,5
2016-01-23,21,31,10
2016-01-24,19,29,9
2016-01-25,31,33,21
2016-01-26,42,26,18
2016-01-27,29,20,18
2016-01-28,32,16,1
2016-01-29,28,29,7
2016-01-30,39,20,19
2016-01-31,55,18,35
2016-02-01,44,31,43
2016-02-02,39,24,36
2016-02-03,53,19,25
2016-02-04,36,33,24
2016-02-05,29,14,28
2016-02-06,34,19,19
2016-02-07,37,35,15
2016-02-08,35,47,15
2016-02-09,29,29,22
2016-02-10,20,23,15
2016-02-11,13,28,13
2016-02-12,14,20,16
2016-02-13,8,12,25
2016-02-14,10,18,30
2016-02-15,28,1,23
2016-02-16,33,3,19
2016-02-17,30,13,20
2016-02-18,24,15,37
2016-02-19,44,3,41
2016-02-20,58,4,40
2016-02-21,44,24,45
2016-02-22,38,29,43
2016-02-23,42,9,36
2016-02-24,47,12,26
2016-02-25,33,26,24
2016-02-26,26,17,18
2016-02-27,33,10,15
2016-02-28,51,15,14
2016-02-29,45,30,35
2016-03-01,48,25,23
2016-03-02,27,32,12
2016-03-03,27,34,19
2016-03-04,31,16,24
2016-03-05,35,12,27
2016-03-06,36,30,37
2016-03-07,50,40,39
2016-03-08,60,43,31
2016-03-09,63,40,46
2016-03-10,59,41,56
2016-03-11,47,38,37
2016-03-12,52,45,18
2016-03-13,54,47,45
2016-03-14,58,38,43
2016-03-15,54,51,27
2016-03-16,58,44,30
2016-03-17,53,34,39
2016-03-18,46,37,46
2016-03-19,37,38,39
2016-03-20,35,44,35
2016-03-21,34,32,46
2016-03-22,46,29,29
2016-03-23,60,37,24
2016-03-24,63,47,28
2016-03-25,44,43,22
2016-03-26,44,31,38
2016-03-27,56,21,54
2016-03-28,49,31,43
2016-03-29,43,45,37
2016-03-30,51,45,44
2016-03-31,65,43,56
2016-04-01,58,53,52
2016-04-02,43,56,51
2016-04-03,38,42,55
2016-04-04,43,52,39
2016-04-05,32,55,43
2016-04-06,48,58,49
2016-04-07,45,62,51
2016-04-08,38,63,47
2016-04-09,32,61,57
2016-04-10,32,50,55
2016-04-11,55,54,56
2016-04-12,44,67,71
2016-04-13,43,57,68
2016-04-14,52,56,39
2016-04-15,58,53,34
2016-04-16,61,62,49
2016-04-17,65,63,54
2016-04-18,67,60,55
2016-04-19,63,60,58
2016-04-20,61,52,64
2016-04-21,65,43,58
2016-04-22,61,39,43
2016-04-23,54,43,46
2016-04-24,55,44,54
2016-04-25,64,50,54
2016-04-26,66,43,49
2016-04-27,55,51,51
2016-04-28,51,56,53
2016-04-29,50,53,54
2016-04-30,55,56,56
2016-05-01,62,60,52
2016-05-02,59,64,54
2016-05-03,55,67,55
2016-05-04,54,66,49
2016-05-05,54,70,57
2016-05-06,57,72,58
2016-05-07,60,75,71
2016-05-08,56,77,74
2016-05-09,53,77,64
2016-05-10,58,76,64
2016-05-11,63,65,67
2016-05-12,67,50,75
2016-05-13,64,55,72
2016-05-14,51,67,63
2016-05-15,44,70,51
2016-05-16,51,71,48
2016-05-17,56,72,52
2016-05-18,54,67,57
2016-05-19,57,51,62
2016-05-20,61,51,68
2016-05-21,56,55,67
2016-05-22,56,57,58
2016-05-23,63,66,62
2016-05-24,67,73,65
2016-05-25,72,73,71
2016-05-26,74,72,72
2016-05-27,77,72,70
2016-05-28,79,74,69
2016-05-29,73,73,67
2016-05-30,73,72,68
2016-05-31,75,52,71
2016-06-01,76,58,72
2016-06-02,75,62,75
2016-06-03,75,67,65
2016-06-04,73,70,62
2016-06-05,70,67,63
2016-06-06,69,71,68
2016-06-07,64,74,68
2016-06-08,58,68,65
2016-06-09,62,73,67
2016-06-10,70,80,70
2016-06-11,79,77,71
2016-06-12,73,74,69
2016-06-13,64,74,62
2016-06-14,68,76,67
2016-06-15,74,74,73
2016-06-16,71,68,78
2016-06-17,72,74,78
2016-06-18,74,70,70
2016-06-19,75,71,70
2016-06-20,77,75,68
2016-06-21,77,77,70
2016-06-22,71,77,75
2016-06-23,70,70,77
2016-06-24,74,68,72
2016-06-25,76,71,71
2016-06-26,80,68,75
2016-06-27,79,61,77
2016-06-28,74,64,76
2016-06-29,65,67,77
2016-06-30,68,67,80
2016-07-01,69,68,79
2016-07-02,65,69,72
2016-07-03,66,72,66
2016-07-04,69,71,66
2016-07-05,76,73,69
2016-07-06,77,75,76
2016-07-07,76,69,74
2016-07-08,77,72,73
2016-07-09,75,68,72
2016-07-10,73,73,74
2016-07-11,75,69,76
2016-07-12,79,73,76
2016-07-13,79,72,73
2016-07-14,77,70,72
2016-07-15,76,67,64
2016-07-16,74,73,65
2016-07-17,76,81,68
2016-07-18,79,79,65
2016-07-19,77,77,71
2016-07-20,73,75,76
2016-07-21,77,68,78
2016-07-22,79,71,76
2016-07-23,79,72,68
2016-07-24,77,75,66
2016-07-25,82,77,72
2016-07-26,79,79,72
2016-07-27,79,80,64
2016-07-28,72,81,59
2016-07-29,73,80,63
2016-07-30,72,76,67
2016-07-31,73,74,71
2016-08-01,75,75,70
2016-08-02,77,72,68
2016-08-03,77,72,70
2016-08-04,76,71,70
2016-08-05,77,66,70
2016-08-06,77,69,68
2016-08-07,73,74,68
2016-08-08,74,77,71
2016-08-09,75,76,74
2016-08-10,80,74,69
2016-08-11,81,69,70
2016-08-12,81,67,65
2016-08-13,80,74,63
2016-08-14,75,76,60
2016-08-15,74,78,64
2016-08-16,77,79,71
2016-08-17,72,74,73
2016-08-18,75,78,74
2016-08-19,74,74,71
2016-08-20,77,68,71
2016-08-21,73,68,73
2016-08-22,68,70,74
2016-08-23,69,71,71
2016-08-24,73,64,70
2016-08-25,79,62,71
2016-08-26,78,64,75
2016-08-27,78,67,67
2016-08-28,79,71,66
2016-08-29,75,75,75
2016-08-30,74,77,72
2016-08-31,72,78,74
2016-09-01,69,79,75
2016-09-02,66,77,71
2016-09-03,68,77,73
2016-09-04,69,75,75
2016-09-05,71,77,70
2016-09-06,75,79,63
2016-09-07,78,79,66
2016-09-08,80,76,70
2016-09-09,74,68,73
2016-09-10,77,68,67
2016-09-11,67,60,58
2016-09-12,67,57,56
2016-09-13,70,62,53
2016-09-14,68,65,57
2016-09-15,65,69,59
2016-09-16,68,69,59
2016-09-17,73,70,61
2016-09-18,71,71,61
2016-09-19,71,62,67
2016-09-20,71,62,69
2016-09-21,71,66,54
2016-09-22,72,65,53
2016-09-23,74,68,61
2016-09-24,67,67,63
2016-09-25,63,66,64
2016-09-26,63,67,64
2016-09-27,61,67,63
2016-09-28,62,68,66
2016-09-29,60,61,60
2016-09-30,59,58,58
2016-10-01,61,51,62
2016-10-02,60,48,64
2016-10-03,59,56,47
2016-10-04,61,58,46
2016-10-05,61,63,55
2016-10-06,61,64,56
2016-10-07,63,63,55
2016-10-08,59,64,52
2016-10-09,51,54,51
2016-10-10,50,55,51
2016-10-11,51,61,51
2016-10-12,59,59,63
2016-10-13,56,53,70
2016-10-14,47,53,58
2016-10-15,57,49,55
2016-10-16,67,40,60
2016-10-17,68,38,51
2016-10-18,72,44,46
2016-10-19,68,58,49
2016-10-20,66,59,50
2016-10-21,52,62,48
2016-10-22,44,53,51
2016-10-23,53,58,48
2016-10-24,53,55,56
2016-10-25,45,47,52
2016-10-26,41,49,53
2016-10-27,51,58,69
2016-10-28,46,52,51
2016-10-29,61,45,44
2016-10-30,61,50,43
2016-10-31,46,57,40
2016-11-01,58,54,38
2016-11-02,69,56,43
2016-11-03,61,62,57
2016-11-04,49,66,51
2016-11-05,49,65,46
2016-11-06,52,47,38
2016-11-07,51,42,40
2016-11-08,53,45,44
2016-11-09,48,50,52
2016-11-10,48,46,59
2016-11-11,47,51,40
2016-11-12,38,44,32
2016-11-13,42,42,28
2016-11-14,43,50,29
2016-11-15,46,49,34
2016-11-16,49,54,31
2016-11-17,46,59,17
2016-11-18,57,57,25
2016-11-19,45,40,26
2016-11-20,32,43,21
2016-11-21,31,32,34
2016-11-22,31,30,54
2016-11-23,36,37,58
2016-11-24,47,43,39
2016-11-25,43,53,32
2016-11-26,40,57,31
2016-11-27,39,46,26
2016-11-28,43,38,40
2016-11-29,54,38,59
2016-11-30,54,50,41
2016-12-01,40,45,33
2016-12-02,38,36,37
2016-12-03,37,38,31
2016-12-04,38,33,37
2016-12-05,39,34,40
2016-12-06,39,35,34
2016-12-07,38,38,35
2016-12-08,30,44,38
2016-12-09,25,48,33
2016-12-10,25,53,29
2016-12-11,29,62,29
2016-12-12,37,59,31
2016-12-13,30,56,41
2016-12-14,24,45,43
2016-12-15,12,48,44
2016-12-16,13,45,34
2016-12-17,40,31,28
2016-12-18,34,28,29
2016-12-19,22,31,28
2016-12-20,26,47,29
2016-12-21,32,54,34
2016-12-22,37,56,46
2016-12-23,35,56,52
2016-12-24,42,50,39
2016-12-25,35,51,39
2016-12-26,52,52,46
2016-12-27,44,37,39
2016-12-28,35,46,25
2016-12-29,35,43,25
2016-12-30,29,34,25
2016-12-31,34,31,25
2017-01-01,37,30,30
2017-01-02,43,32,38
2017-01-03,45,22,49
2017-01-04,33,16,19
2017-01-05,20,25,16
2017-01-06,11,30,9
2017-01-07,10,32,6
2017-01-08,10,46,16
2017-01-09,18,37,8
2017-01-10,37,18,27
2017-01-11,48,22,32
2017-01-12,57,11,19
2017-01-13,32,34,19
2017-01-14,31,43,24
2017-01-15,29,35,28
2017-01-16,32,26,34
2017-01-17,50,9,40
2017-01-18,41,11,34
2017-01-19,38,13,32
2017-01-20,46,17,33
2017-01-21,53,17,31
2017-01-22,54,21,31
2017-01-23,43,19,29
2017-01-24,38,31,33
2017-01-25,44,42,26
2017-01-26,38,29,20
2017-01-27,30,32,16
2017-01-28,30,28,29
2017-01-29,29,39,20
2017-01-30,25,55,18
2017-01-31,34,44,31
2017-02-01,36,39,24
2017-02-02,30,53,19
2017-02-03,22,36,33
2017-02-04,23,29,14
2017-02-05,37,34,19
2017-02-06,40,37,35
2017-02-07,55,35,47
2017-02-08,42,29,29
2017-02-09,22,20,23
2017-02-10,22,13,28
2017-02-11,47,14,20
2017-02-12,45,8,12
2017-02-13,32,10,18
2017-02-14,38,28,1
2017-02-15,34,33,3
2017-02-16,25,30,13
2017-02-17,37,24,15
2017-02-18,56,44,3
2017-02-19,52,58,4
2017-02-20,48,44,24
2017-02-21,56,38,29
2017-02-22,58,42,9
2017-02-23,60,47,12
2017-02-24,65,33,26
2017-02-25,46,26,17
2017-02-26,32,33,10
2017-02-27,39,51,15
2017-02-28,49,45,30
2017-03-01,56,48,25
2017-03-02,33,27,32
2017-03-03,26,27,34
2017-03-04,25,31,16
2017-03-05,32,35,12
2017-03-06,48,36,30
2017-03-07,53,50,40
2017-03-08,48,60,43
2017-03-09,47,63,40
2017-03-10,29,59,41
2017-03-11,21,47,38
2017-03-12,22,52,45
2017-03-13,29,54,47
2017-03-14,25,58,38
2017-03-15,20,54,51
2017-03-16,28,58,44
2017-03-17,30,53,34
2017-03-18,37,46,37
2017-03-19,37,37,38
2017-03-20,43,35,44
2017-03-21,50,34,32
2017-03-22,31,46,29
2017-03-23,34,60,37
2017-03-24,58,63,47
2017-03-25,67,44,43
2017-03-26,59,44,31
2017-03-27,59,56,21
2017-03-28,55,49,31
2017-03-29,50,43,45
2017-03-30,50,51,45
2017-03-31,51,65,43
2017-04-01,41,58,53
2017-04-02,46,43,56
2017-04-03,57,38,42
2017-04-04,59,43,52
2017-04-05,56,32,55
2017-04-06,50,48,58
2017-04-07,35,45,62
2017-04-08,44,38,63
2017-04-09,55,32,61
2017-04-10,68,32,50
2017-04-11,63,55,54
2017-04-12,55,44,67
2017-04-13,52,43,57
2017-04-14,60,52,56
2017-04-15,67,58,53
2017-04-16,69,61,62
2017-04-17,61,65,63
2017-04-18,59,67,60
2017-04-19,65,63,60
2017-04-20,68,61,52
2017-04-21,62,65,43
2017-04-22,49,61,39
2017-04-23,55,54,43
2017-04-24,55,55,44
2017-04-25,56,64,50
2017-04-26,64,66,43
2017-04-27,68,55,51
2017-04-28,61,51,56
2017-04-29,62,50,53
2017-04-30,72,55,56
2017-05-01,70,62,60
2017-05-02,54,59,64
2017-05-03,51,55,67
2017-05-04,55,54,66
2017-05-05,57,54,70
2017-05-06,45,57,72
2017-05-07,48,60,75
2017-05-08,47,56,77
2017-05-09,51,53,77
2017-05-10,60,58,76
2017-05-11,53,63,65
2017-05-12,53,67,50
2017-05-13,57,64,55
2017-05-14,59,51,67
2017-05-15,57,44,70
2017-05-16,66,51,71
2017-05-17,76,56,72
2017-05-18,76,54,67
2017-05-19,72,57,51
2017-05-20,63,61,51
2017-05-21,62,56,55
2017-05-22,63,56,57
2017-05-23,61,63,66
2017-05-24,61,67,73
2017-05-25,59,72,73
2017-05-26,60,74,72
2017-05-27,63,77,72
2017-05-28,68,79,74
2017-05-29,70,73,73
2017-05-30,69,73,72
2017-05-31,63,75,52
2017-06-01,64,76,58
2017-06-02,65,75,62
2017-06-03,69,75,67
2017-06-04,68,73,70
2017-06-05,67,70,67
2017-06-06,60,69,71
2017-06-07,59,64,74
2017-06-08,61,58,68
2017-06-09,65,62,73
2017-06-10,74,70,80
2017-06-11,76,79,77
2017-06-12,78,73,74
2017-06-13,79,64,74
2017-06-14,74,68,76
2017-06-15,74,74,74
2017-06-16,73,71,68
2017-06-17,76,72,74
2017-06-18,77,74,70
2017-06-19,70,75,71
2017-06-20,68,77,75
2017-06-21,72,77,77
2017-06-22,75,71,77
2017-06-23,71,70,70
2017-06-24,71,74,68
2017-06-25,67,76,71
2017-06-26,64,80,68
2017-06-27,61,79,61
2017-06-28,64,74,64
2017-06-29,73,65,67
2017-06-30,75,68,67
2017-07-01,76,69,68
2017-07-02,76,65,69
2017-07-03,73,66,72
2017-07-04,76,69,71
2017-07-05,77,76,73
2017-07-06,73,77,75
2017-07-07,71,76,69
2017-07-08,70,77,72
2017-07-09,68,75,68
2017-07-10,68,73,73
2017-07-11,73,75,69
2017-07-12,77,79,73
2017-07-13,75,79,72
2017-07-14,78,77,70
2017-07-15,72,76,67
2017-07-16,70,74,73
2017-07-17,80,76,81
2017-07-18,78,79,79
2017-07-19,80,77,77
2017-07-20,78,73,75
2017-07-21,79,77,68
2017-07-22,74,79,71
2017-07-23,74,79,72
2017-07-24,71,77,75
2017-07-25,67,82,77
2017-07-26,70,79,79
2017-07-27,73,79,80
2017-07-28,73,72,81
2017-07-29,67,73,80
2017-07-30,73,72,76
2017-07-31,74,73,74
2017-08-01,74,75,75
2017-08-02,75,77,72
2017-08-03,75,77,72
2017-08-04,73,76,71
2017-08-05,66,77,66
2017-08-06,68,77,69
2017-08-07,67,73,74
2017-08-08,68,74,77
2017-08-09,68,75,76
2017-08-10,68,80,74
2017-08-11,70,81,69
2017-08-12,69,81,67
2017-08-13,68,80,74
2017-08-14,70,75,76
2017-08-15,75,74,78
2017-08-16,76,77,79
2017-08-17,75,72,74
2017-08-18,76,75,78
2017-08-19,70,74,74
2017-08-20,71,77,68
2017-08-21,76,73,68
2017-08-22,75,68,70
2017-08-23,69,69,71
2017-08-24,65,73,64
2017-08-25,62,79,62
2017-08-26,64,78,64
2017-08-27,67,78,67
2017-08-28,68,79,71
2017-08-29,67,75,75
2017-08-30,67,74,77
2017-08-31,67,72,78
2017-09-01,57,69,79
2017-09-02,58,66,77
2017-09-03,64,68,77
2017-09-04,71,69,75
2017-09-05,68,71,77
2017-09-06,61,75,79
2017-09-07,55,78,79
2017-09-08,59,80,76
2017-09-09,58,74,68
2017-09-10,58,77,68
2017-09-11,60,67,60
2017-09-12,63,67,57
2017-09-13,69,70,62
2017-09-14,64,68,65
2017-09-15,65,65,69
2017-09-16,69,68,69
2017-09-17,70,73,70
2017-09-18,72,71,71
2017-09-19,72,71,62
2017-09-20,71,71,62
2017-09-21,74,71,66
2017-09-22,73,72,65
2017-09-23,73,74,68
2017-09-24,75,67,67
2017-09-25,76,63,66
2017-09-26,76,63,67
2017-09-27,76,61,67
2017-09-28,64,62,68
2017-09-29,57,60,61
2017-09-30,54,59,58
2017-10-01,54,61,51
2017-10-02,58,60,48
2017-10-03,63,59,56
2017-10-04,67,61,58
2017-10-05,67,61,63
2017-10-06,67,61,64
2017-10-07,72,63,63
2017-10-08,69,59,64
2017-10-09,72,51,54
2017-10-10,70,50,55
2017-10-11,68,51,61
2017-10-12,64,59,59
2017-10-13,65,56,53
2017-10-14,65,47,53
2017-10-15,67,57,49
2017-10-16,52,67,40
2017-10-17,50,68,38
2017-10-18,55,72,44
2017-10-19,57,68,58
2017-10-20,59,66,59
2017-10-21,59,52,62
2017-10-22,63,44,53
2017-10-23,61,53,58
2017-10-24,53,53,55
2017-10-25,43,45,47
2017-10-26,42,41,49
2017-10-27,54,51,58
2017-10-28,48,46,52
2017-10-29,40,61,45
2017-10-30,42,61,50
2017-10-31,39,46,57
2017-11-01,40,58,54
2017-11-02,59,69,56
2017-11-03,57,61,62
2017-11-04,49,49,66
2017-11-05,60,49,65
2017-11-06,50,52,47
2017-11-07,38,51,42
2017-11-08,40,53,45
2017-11-09,41,48,50
2017-11-10,28,48,46
2017-11-11,27,47,51
2017-11-12,37,38,44
2017-11-13,40,42,42
2017-11-14,39,43,50
2017-11-15,39,46,49
2017-11-16,41,49,54
2017-11-17,38,46,59
2017-11-18,46,57,57
2017-11-19,37,45,40
2017-11-20,35,32,43
2017-11-21,46,31,32
2017-11-22,35,31,30
2017-11-23,32,36,37
2017-11-24,39,47,43
2017-11-25,49,43,53
2017-11-26,38,40,57
2017-11-27,42,39,46
2017-11-28,50,43,38
2017-11-29,50,54,38
2017-11-30,45,54,50
2017-12-01,38,40,45
2017-12-02,35,38,36
2017-12-03,41,37,38
2017-12-04,46,38,33
2017-12-05,49,39,34
2017-12-06,37,39,35
2017-12-07,33,38,38
2017-12-08,26,30,44
2017-12-09,29,25,48
2017-12-10,31,25,53
2017-12-11,35,29,62
2017-12-12,28,37,59
2017-12-13,21,30,56
2017-12-14,25,24,45
2017-12-15,23,12,48
2017-12-16,35,13,45
2017-12-17,38,40,31
2017-12-18,42,34,28
2017-12-19,48,22,31
2017-12-20,38,26,47
2017-12-21,35,32,54
2017-12-22,51,37,56
2017-12-23,43,35,56
2017-12-24,33,42,50
2017-12-25,22,35,51
2017-12-26,16,52,52
2017-12-27,10,44,37
2017-12-28,8,35,46
2017-12-29,15,35,43
2017-12-30,15,29,34
2017-12-31,6,34,31
2018-01-01,6,37,30
2018-01-02,9,43,32
2018-01-03,12,45,22
2018-01-04,11,33,16
2018-01-05,4,20,25
2018-01-06,4,11,30
2018-01-07,12,10,32
2018-01-08,33,10,46
2018-01-09,32,18,37
2018-01-10,35,37,18
2018-01-11,51,48,22
2018-01-12,43,57,11
2018-01-13,13,32,34
2018-01-14,7,31,43
2018-01-15,17,29,35
2018-01-16,21,32,26
2018-01-17,8,50,9
2018-01-18,18,41,11
2018-01-19,30,38,13
2018-01-20,40,46,17
2018-01-21,45,53,17
2018-01-22,53,54,21
2018-01-23,43,43,19
2018-01-24,29,38,31
2018-01-25,26,44,42
2018-01-26,38,38,29
2018-01-27,46,30,32
2018-01-28,40,30,28
2018-01-29,34,29,39
2018-01-30,19,25,55
2018-01-31,28,34,44
2018-02-01,40,36,39
2018-02-02,16,30,53
2018-02-03,21,22,36
2018-02-04,35,23,29
2018-02-05,20,37,34
2018-02-06,25,40,37
2018-02-07,26,55,35
2018-02-08,20,42,29
2018-02-09,29,22,20
2018-02-10,39,22,13
2018-02-11,40,47,14
2018-02-12,29,45,8
2018-02-13,30,32,10
2018-02-14,46,38,28
2018-02-15,58,34,33
2018-02-16,40,25,30
2018-02-17,30,37,24
2018-02-18,35,56,44
2018-02-19,51,52,58
2018-02-20,68,48,44
2018-02-21,57,56,38
2018-02-22,41,58,42
2018-02-23,52,60,47
2018-02-24,48,65,33
2018-02-25,52,46,26
2018-02-26,43,32,33
2018-02-27,43,39,51
2018-02-28,52,49,45
2018-03-01,47,56,48
2018-03-02,34,33,27
2018-03-03,32,26,27
2018-03-04,32,25,31
2018-03-05,31,32,35
2018-03-06,38,48,36
2018-03-07,35,53,50
2018-03-08,27,48,60
2018-03-09,27,47,63
2018-03-10,28,29,59
2018-03-11,30,21,47
2018-03-12,32,22,52
2018-03-13,29,29,54
2018-03-14,27,25,58
2018-03-15,34,20,54
2018-03-16,29,28,58
2018-03-17,29,30,53
2018-03-18,37,37,46
2018-03-19,42,37,37
2018-03-20,34,43,35
2018-03-21,29,50,34
2018-03-22,30,31,46
2018-03-23,30,34,60
2018-03-24,32,58,63
2018-03-25,32,67,44
2018-03-26,41,59,44
2018-03-27,43,59,56
2018-03-28,53,55,49
2018-03-29,57,50,43
2018-03-30,38,50,51
2018-03-31,43,51,65
2018-04-01,43,41,58
2018-04-02,36,46,43
2018-04-03,47,57,38
2018-04-04,42,59,43
2018-04-05,35,56,32
2018-04-06,44,50,48
2018-04-07,31,35,45
2018-04-08,32,44,38
2018-04-09,32,55,32
2018-04-10,35,68,32
2018-04-11,44,63,55
2018-04-12,63,55,44
2018-04-13,73,52,43
2018-04-14,70,60,52
2018-04-15,58,67,58
2018-04-16,40,69,61
2018-04-17,33,61,65
2018-04-18,42,59,67
2018-04-19,39,65,63
2018-04-20,41,68,61
2018-04-21,44,62,65
2018-04-22,56,49,61
2018-04-23,61,55,54
2018-04-24,52,55,55
2018-04-25,52,56,64
2018-04-26,50,64,66
2018-04-27,55,68,55
2018-04-28,47,61,51
2018-04-29,40,62,50
2018-04-30,52,72,55
2018-05-01,65,70,62
2018-05-02,72,54,59
2018-05-03,74,51,55
2018-05-04,69,55,54
2018-05-05,61,57,54
2018-05-06,59,45,57
2018-05-07,63,48,60
2018-05-08,65,47,56
2018-05-09,71,51,53
2018-05-10,70,60,58
2018-05-11,59,53,63
2018-05-12,64,53,67
2018-05-13,64,57,64
2018-05-14,67,59,51
2018-05-15,72,57,44
2018-05-16,69,66,51
2018-05-17,70,76,56
2018-05-18,68,76,54
2018-05-19,67,72,57
2018-05-20,69,63,61
2018-05-21,70,62,56
2018-05-22,69,63,56
2018-05-23,65,61,63
2018-05-24,68,61,67
2018-05-25,72,59,72
2018-05-26,74,60,74
2018-05-27,73,63,77
2018-05-28,77,68,79
2018-05-29,79,70,73
2018-05-30,77,69,73
2018-05-31,76,63,75
2018-06-01,72,64,76
2018-06-02,72,65,75
2018-06-03,70,69,75
2018-06-04,65,68,73
2018-06-05,62,67,70
2018-06-06,55,60,69
2018-06-07,63,59,64
2018-06-08,71,61,58
2018-06-09,72,65,62
2018-06-10,68,74,70
2018-06-11,64,76,79
2018-06-12,69,78,73
2018-06-13,73,79,64
2018-06-14,70,74,68
2018-06-15,69,74,74
2018-06-16,71,73,71
2018-06-17,79,76,72
2018-06-18,82,77,74
2018-06-19,77,70,75
2018-06-20,73,68,77
2018-06-21,71,72,77
2018-06-22,68,75,71
2018-06-23,69,71,70
2018-06-24,72,71,74
2018-06-25,70,67,76
2018-06-26,70,64,80
2018-06-27,71,61,79
2018-06-28,73,64,74
2018-06-29,76,73,65
2018-06-30,79,75,68
2018-07-01,81,76,69
2018-07-02,79,76,65
2018-07-03,80,73,66
2018-07-04,82,76,69
2018-07-05,76,77,76
2018-07-06,72,73,77
2018-07-07,68,71,76
2018-07-08,70,70,77
2018-07-09,73,68,75
2018-07-10,77,68,73
2018-07-11,72,73,75
2018-07-12,71,77,79
2018-07-13,75,75,79
2018-07-14,79,78,77
2018-07-15,78,72,76
2018-07-16,78,70,74
2018-07-17,76,80,76
2018-07-18,70,78,79
2018-07-19,72,80,77
2018-07-20,73,78,73
2018-07-21,71,79,77
2018-07-22,68,74,79
2018-07-23,73,74,79
2018-07-24,76,71,77
2018-07-25,72,67,82
2018-07-26,73,70,79
2018-07-27,71,73,79
2018-07-28,68,73,72
2018-07-29,69,67,73
2018-07-30,70,73,72
2018-07-31,69,74,73
2018-08-01,70,74,75
2018-08-02,71,75,77
2018-08-03,71,75,77
2018-08-04,75,73,76
2018-08-05,75,66,77
2018-08-06,78,68,77
2018-08-07,77,67,73
2018-08-08,73,68,74
2018-08-09,73,68,75
2018-08-10,70,68,80
2018-08-11,72,70,81
2018-08-12,72,69,81
2018-08-13,68,68,80
2018-08-14,67,70,75
2018-08-15,73,75,74
2018-08-16,72,76,77
2018-08-17,70,75,72
2018-08-18,73,76,75
2018-08-19,68,70,74
2018-08-20,71,71,77
2018-08-21,72,76,73
2018-08-22,67,75,68
2018-08-23,64,69,69
2018-08-24,66,65,73
2018-08-25,68,62,79
2018-08-26,73,64,78
2018-08-27,79,67,78
2018-08-28,83,68,79
2018-08-29,81,67,75
2018-08-30,76,67,74
2018-08-31,77,67,72
2018-09-01,78,57,69
2018-09-02,81,58,66
2018-09-03,83,64,68
2018-09-04,83,71,69
2018-09-05,83,68,71
2018-09-06,80,61,75
2018-09-07,77,55,78
2018-09-08,64,59,80
2018-09-09,58,58,74
2018-09-10,65,58,77
2018-09-11,64,60,67
2018-09-12,67,63,67
2018-09-13,73,69,70
2018-09-14,74,64,68
2018-09-15,73,65,65
2018-09-16,72,69,68
2018-09-17,68,70,73
2018-09-18,71,72,71
2018-09-19,71,72,71
2018-09-20,71,71,71
2018-09-21,76,74,71
2018-09-22,59,73,72
2018-09-23,59,73,74
2018-09-24,61,75,67
2018-09-25,66,76,63
2018-09-26,67,76,63
2018-09-27,57,76,61
2018-09-28,60,64,62
2018-09-29,56,57,60
2018-09-30,60,54,59
2018-10-01,67,54,61
2018-10-02,70,58,60
2018-10-03,67,63,59
2018-10-04,68,67,61
2018-10-05,59,67,61
2018-10-06,70,67,61
2018-10-07,73,72,63
2018-10-08,74,69,59
2018-10-09,73,72,51
2018-10-10,71,70,50
2018-10-11,65,68,51
2018-10-12,48,64,59
2018-10-13,43,65,56
2018-10-14,48,65,47
2018-10-15,55,67,57
2018-10-16,43,52,67
2018-10-17,46,50,68
2018-10-18,41,55,72
2018-10-19,45,57,68
2018-10-20,48,59,66
2018-10-21,37,59,52
2018-10-22,43,63,44
2018-10-23,48,61,53
2018-10-24,41,53,53
2018-10-25,38,43,45
2018-10-26,43,42,41
2018-10-27,43,54,51
2018-10-28,45,48,46
2018-10-29,44,40,61
2018-10-30,47,42,61
2018-10-31,58,39,46
2018-11-01,55,40,58
2018-11-02,50,59,69
2018-11-03,41,57,61
2018-11-04,44,49,49
2018-11-05,53,60,49
2018-11-06,54,50,52
2018-11-07,45,38,51
2018-11-08,37,40,53
2018-11-09,39,41,48
2018-11-10,29,28,48
2018-11-11,30,27,47
2018-11-12,34,37,38
2018-11-13,34,40,42
2018-11-14,29,39,43
2018-11-15,31,39,46
2018-11-16,32,41,49
2018-11-17,36,38,46
2018-11-18,39,46,57
2018-11-19,37,37,45
2018-11-20,33,35,32
2018-11-21,31,46,31
2018-11-22,23,35,31
2018-11-23,34,32,36
2018-11-24,40,39,47
2018-11-25,47,49,43
2018-11-26,40,38,40
2018-11-27,27,42,39
2018-11-28,24,50,43
2018-11-29,27,50,54
2018-11-30,36,45,54
2018-12-01,40,38,40
2018-12-02,53,35,38
2018-12-03,39,41,37
2018-12-04,31,46,38
2018-12-05,29,49,39
2018-12-06,30,37,39
2018-12-07,25,33,38
2018-12-08,22,26,30
2018-12-09,24,29,25
2018-12-10,23,31,25
2018-12-11,27,35,29
2018-12-12,34,28,37
2018-12-13,39,21,30
2018-12-14,42,25,24
2018-12-15,45,23,12
2018-12-16,40,35,13
2018-12-17,36,38,40
2018-12-18,32,42,34
2018-12-19,32,48,22
2018-12-20,38,38,26
2018-12-21,41,35,32
2018-12-22,33,51,37
2018-12-23,36,43,35
2018-12-24,31,33,42
2018-12-25,27,22,35
2018-12-26,35,16,52
2018-12-27,39,10,44
2018-12-28,52,8,35
2018-12-29,33,15,35
2018-12-30,34,15,29
2018-12-31,41,6,34
2019-01-01,43,6,37
2019-01-02,37,9,43
2019-01-03,33,12,45
2019-01-04,34,11,33
2019-01-05,41,4,20
2019-01-06,37,4,11
2019-01-07,37,12,10
2019-01-08,50,33,10
2019-01-09,29,32,18
2019-01-10,22,35,37
2019-01-11,23,51,48
2019-01-12,25,43,57
2019-01-13,26,13,32
2019-01-14,27,7,31
2019-01-15,26,17,29
2019-01-16,29,21,32
2019-01-17,28,8,50
2019-01-18,33,18,41
2019-01-19,32,30,38
2019-01-20,16,40,46
2019-01-21,5,45,53
2019-01-22,18,53,54
2019-01-23,42,43,43
2019-01-24,31,29,38
2019-01-25,19,26,44
2019-01-26,20,38,38
2019-01-27,25,46,30
2019-01-28,26,40,30
2019-01-29,23,34,29
2019-01-30,2,19,25
2019-01-31,2,28,34
2019-02-01,10,40,36
2019-02-02,23,16,30
2019-02-03,41,21,22
2019-02-04,49,35,23
2019-02-05,48,20,37
2019-02-06,48,25,40
2019-02-07,53,26,55
2019-02-08,31,20,42
2019-02-09,20,29,22
2019-02-10,24,39,22
2019-02-11,33,40,47
2019-02-12,39,29,45
2019-02-13,28,30,32
2019-02-14,36,46,38
2019-02-15,42,58,34
2019-02-16,26,40,25
2019-02-17,28,30,37
2019-02-18,27,35,56
2019-02-19,22,51,52
2019-02-20,31,68,48
2019-02-21,40,57,56
2019-02-22,35,41,58
2019-02-23,38,52,60
2019-02-24,44,48,65
2019-02-25,28,52,46
2019-02-26,27,43,32
2019-02-27,36,43,39
2019-02-28,28,52,49
2019-03-01,31,47,56
2019-03-02,34,34,33
2019-03-03,29,32,26
2019-03-04,20,32,25
2019-03-05,13,31,32
2019-03-06,15,38,48
2019-03-07,24,35,53
2019-03-08,29,27,48
2019-03-09,35,27,47
2019-03-10,49,28,29
2019-03-11,39,30,21
2019-03-12,34,32,22
2019-03-13,44,29,29
2019-03-14,61,27,25
2019-03-15,50,34,20
2019-03-16,35,29,28
2019-03-17,34,29,30
2019-03-18,35,37,37
2019-03-19,36,42,37
2019-03-20,41,34,43
2019-03-21,45,29,50
2019-03-22,36,30,31
2019-03-23,34,30,34
2019-03-24,43,32,58
2019-03-25,42,32,67
2019-03-26,34,41,59
2019-03-27,41,43,59
2019-03-28,51,53,55
2019-03-29,54,57,50
2019-03-30,57,38,50
2019-03-31,32,43,51
2019-04-01,33,43,41
2019-04-02,40,36,46
2019-04-03,47,47,57
2019-04-04,47,42,59
2019-04-05,48,35,56
2019-04-06,55,44,50
2019-04-07,58,31,35
2019-04-08,64,32,44
2019-04-09,59,32,55
2019-04-10,49,35,68
2019-04-11,55,44,63
2019-04-12,64,63,55
2019-04-13,60,73,52
2019-04-14,58,70,60
2019-04-15,43,58,67
2019-04-16,52,40,69
2019-04-17,65,33,61
2019-04-18,68,42,59
2019-04-19,64,39,65
2019-04-20,56,41,68
2019-04-21,49,44,62
2019-04-22,56,56,49
2019-04-23,63,61,55
2019-04-24,56,52,55
2019-04-25,56,52,56
2019-04-26,54,50,64
2019-04-27,49,55,68
2019-04-28,46,47,61
2019-04-29,53,40,62
2019-04-30,55,52,72
2019-05-01,70,65,70
2019-05-02,67,72,54
2019-05-03,65,74,51
2019-05-04,59,69,55
2019-05-05,57,61,57
2019-05-06,60,59,45
2019-05-07,64,63,48
2019-05-08,63,65,47
2019-05-09,69,71,51
2019-05-10,63,70,60
2019-05-11,55,59,53
2019-05-12,53,64,53
2019-05-13,52,64,57
2019-05-14,47,67,59
2019-05-15,57,72,57
2019-05-16,64,69,66
2019-05-17,65,70,76
2019-05-18,67,68,76
2019-05-19,74,67,72
2019-05-20,65,69,63
2019-05-21,53,70,62
2019-05-22,65,69,63
2019-05-23,73,65,61
2019-05-24,68,68,61
2019-05-25,72,72,59
2019-05-26,70,74,60
2019-05-27,68,73,63
2019-05-28,73,77,68
2019-05-29,71,79,70
2019-05-30,67,77,69
2019-05-31,67,76,63
2019-06-01,67,72,64
2019-06-02,63,72,65
2019-06-03,57,70,69
2019-06-04,61,65,68
2019-06-05,66,62,67
2019-06-06,70,55,60
2019-06-07,68,63,59
2019-06-08,71,71,61
2019-06-09,72,72,65
2019-06-10,67,68,74
2019-06-11,63,64,76
2019-06-12,64,69,78
2019-06-13,61,73,79
2019-06-14,61,70,74
2019-06-15,64,69,74
2019-06-16,69,71,73
2019-06-17,70,79,76
2019-06-18,70,82,77
2019-06-19,72,77,70
2019-06-20,69,73,68
2019-06-21,67,71,72
2019-06-22,66,68,75
2019-06-23,69,69,71
2019-06-24,72,72,71
2019-06-25,73,70,67
2019-06-26,76,70,64
2019-06-27,74,71,61
2019-06-28,76,73,64
2019-06-29,77,76,73
2019-06-30,74,79,75
2019-07-01,72,81,76
2019-07-02,79,79,76
2019-07-03,74,80,73
2019-07-04,77,82,76
2019-07-05,75,76,77
2019-07-06,76,72,73
2019-07-07,73,68,71
2019-07-08,75,70,70
2019-07-09,77,73,68
2019-07-10,79,77,68
2019-07-11,71,72,73
2019-07-12,72,71,77
2019-07-13,74,75,75
2019-07-14,76,79,78
2019-07-15,75,78,72
2019-07-16,78,78,70
2019-07-17,74,76,80
2019-07-18,77,70,78
2019-07-19,80,72,80
2019-07-20,82,73,78
2019-07-21,79,71,79
2019-07-22,70,68,74
2019-07-23,69,73,74
2019-07-24,67,76,71
2019-07-25,69,72,67
2019-07-26,72,73,70
2019-07-27,75,71,73
2019-07-28,77,68,73
2019-07-29,78,69,67
2019-07-30,74,70,73
2019-07-31,73,69,74
2019-08-01,75,70,74
2019-08-02,74,71,75
2019-08-03,74,71,75
2019-08-04,74,75,73
2019-08-05,74,75,66
2019-08-06,75,78,68
2019-08-07,71,77,67
2019-08-08,72,73,68
2019-08-09,70,73,68
2019-08-10,68,70,68
2019-08-11,68,72,70
2019-08-12,73,72,69
2019-08-13,69,68,68
2019-08-14,74,67,70
2019-08-15,72,73,75
2019-08-16,73,72,76
2019-08-17,74,70,75
2019-08-18,78,73,76
2019-08-19,76,68,70
2019-08-20,77,71,71
2019-08-21,74,72,76
2019-08-22,72,67,75
2019-08-23,67,64,69
2019-08-24,65,66,65
2019-08-25,64,68,62
2019-08-26,67,73,64
2019-08-27,68,79,67
2019-08-28,72,83,68
2019-08-29,67,81,67
2019-08-30,73,76,67
2019-08-31,69,77,67
2019-09-01,68,78,57
2019-09-02,69,81,58
2019-09-03,71,83,64
2019-09-04,72,83,71
2019-09-05,66,83,68
2019-09-06,66,80,61
2019-09-07,64,77,55
2019-09-08,64,64,59
2019-09-09,67,58,58
2019-09-10,72,65,58
2019-09-11,78,64,60
2019-09-12,75,67,63
2019-09-13,74,73,69
2019-09-14,70,74,64
2019-09-15,67,73,65
2019-09-16,73,72,69
2019-09-17,70,68,70
2019-09-18,65,71,72
2019-09-19,64,71,72
2019-09-20,67,71,71
2019-09-21,74,76,74
2019-09-22,76,59,73
2019-09-23,70,59,73
2019-09-24,62,61,75
2019-09-25,64,66,76
2019-09-26,67,67,76
2019-09-27,64,57,76
2019-09-28,72,60,64
2019-09-29,68,56,57
2019-09-30,70,60,54
2019-10-01,77,67,54
2019-10-02,76,70,58
2019-10-03,75,67,63
2019-10-04,58,68,67
2019-10-05,54,59,67
2019-10-06,62,70,67
2019-10-07,55,73,72
2019-10-08,56,74,69
2019-10-09,56,73,72
2019-10-10,58,71,70
2019-10-11,62,65,68
2019-10-12,53,48,64
2019-10-13,49,43,65
2019-10-14,53,48,65
2019-10-15,52,55,67
2019-10-16,50,43,52
2019-10-17,45,46,50
2019-10-18,46,41,55
2019-10-19,48,45,57
2019-10-20,55,48,59
2019-10-21,58,37,59
2019-10-22,57,43,63
2019-10-23,50,48,61
2019-10-24,53,41,53
2019-10-25,51,38,43
2019-10-26,51,43,42
2019-10-27,58,43,54
2019-10-28,53,45,48
2019-10-29,58,44,40
2019-10-30,55,47,42
2019-10-31,58,58,39
2019-11-01,36,55,40
2019-11-02,38,50,59
2019-11-03,40,41,57
2019-11-04,46,44,49
2019-11-05,44,53,60
2019-11-06,40,54,50
2019-11-07,39,45,38
2019-11-08,29,37,40
2019-11-09,32,39,41
2019-11-10,46,29,28
2019-11-11,48,30,27
2019-11-12,26,34,37
2019-11-13,21,34,40
2019-11-14,32,29,39
2019-11-15,33,31,39
2019-11-16,34,32,41
2019-11-17,35,36,38
2019-11-18,39,39,46
2019-11-19,38,37,37
2019-11-20,38,33,35
2019-11-21,41,31,46
2019-11-22,42,23,35
2019-11-23,34,34,32
2019-11-24,36,40,39
2019-11-25,43,47,49
2019-11-26,50,40,38
2019-11-27,48,27,42
2019-11-28,37,24,50
2019-11-29,35,27,50
2019-11-30,37,36,45
2019-12-01,41,40,38
2019-12-02,34,53,35
2019-12-03,32,39,41
2019-12-04,33,31,46
2019-12-05,34,29,49
2019-12-06,37,30,37
2019-12-07,30,25,33
2019-12-08,39,22,26
2019-12-09,50,24,29
2019-12-10,39,23,31
2019-12-11,24,27,35
2019-12-12,26,34,28
2019-12-13,34,39,21
2019-12-14,37,42,25
2019-12-15,32,45,23
2019-12-16,31,40,35
2019-12-17,31,36,38
2019-12-18,22,32,42
2019-12-19,19,32,48
2019-12-20,25,38,38
2019-12-21,32,41,35
2019-12-22,37,33,51
2019-12-23,38,36,43
2019-12-24,31,31,33
2019-12-25,36,27,22
2019-12-26,48,35,16
2019-12-27,53,39,10
2019-12-28,41,52,8
2019-12-29,49,33,15
2019-12-30,50,34,15
2019-12-31,34,41,6
2020-01-01,32,43,6
2020-01-02,40,37,9
2020-01-03,48,33,12
2020-01-04,40,34,11
2020-01-05,31,41,4
2020-01-06,38,37,4
2020-01-07,32,37,12
2020-01-08,29,50,33
2020-01-09,30,29,32
2020-01-10,49,22,35
2020-01-11,60,23,51
2020-01-12,44,25,43
2020-01-13,39,26,13
2020-01-14,41,27,7
2020-01-15,43,26,17
2020-01-16,35,29,21
2020-01-17,25,28,8
2020-01-18,34,33,18
2020-01-19,22,32,30
2020-01-20,19,16,40
2020-01-21,19,5,45
2020-01-22,23,18,53
2020-01-23,32,42,43
2020-01-24,40,31,29
2020-01-25,39,19,26
2020-01-26,32,20,38
2020-01-27,33,25,46
2020-01-28,32,26,40
2020-01-29,30,23,34
2020-01-30,28,2,19
2020-01-31,33,2,28
2020-02-01,32,10,40
2020-02-02,42,23,16
2020-02-03,50,41,21
2020-02-04,48,49,35
2020-02-05,33,48,20
2020-02-06,36,48,25
2020-02-07,28,53,26
2020-02-08,28,31,20
2020-02-09,33,20,29
2020-02-10,42,24,39
2020-02-11,35,33,40
2020-02-12,32,39,29
2020-02-13,33,28,30
2020-02-14,19,36,46
2020-02-15,23,42,58
2020-02-16,35,26,40
2020-02-17,35,28,30
2020-02-18,46,27,35
2020-02-19,32,22,51
2020-02-20,23,31,68
2020-02-21,23,40,57
2020-02-22,34,35,41
2020-02-23,40,38,52
2020-02-24,46,44,48
2020-02-25,44,28,52
2020-02-26,43,27,43
2020-02-27,25,36,43
2020-02-28,25,28,52
2020-02-29,24,31,47
2020-03-01,34,34,34
2020-03-02,49,29,32
2020-03-03,48,20,32
2020-03-04,41,13,31
2020-03-05,38,15,38
2020-03-06,35,24,35
2020-03-07,34,29,27
2020-03-08,45,35,27
2020-03-09,57,49,28
2020-03-10,50,39,30
2020-03-11,41,34,32
2020-03-12,52,44,29
2020-03-13,52,61,27
2020-03-14,37,50,34
2020-03-15,39,35,29
2020-03-16,40,34,29
2020-03-17,42,35,37
2020-03-18,44,36,42
2020-03-19,56,41,34
2020-03-20,60,45,29
2020-03-21,33,36,30
2020-03-22,38,34,30
2020-03-23,43,43,32
2020-03-24,40,42,32
2020-03-25,46,34,41
2020-03-26,53,41,43
2020-03-27,53,51,53
2020-03-28,60,54,57
2020-03-29,66,57,38
2020-03-30,48,32,43
2020-03-31,42,33,43
2020-04-01,45,40,36
2020-04-02,43,47,47
2020-04-03,47,47,42
2020-04-04,49,48,35
2020-04-05,52,55,44
2020-04-06,50,58,31
2020-04-07,55,64,32
2020-04-08,60,59,32
2020-04-09,47,49,35
2020-04-10,37,55,44
2020-04-11,43,64,63
2020-04-12,53,60,73
2020-04-13,53,58,70
2020-04-14,40,43,58
2020-04-15,37,52,40
2020-04-16,35,65,33
2020-04-17,39,68,42
2020-04-18,41,64,39
2020-04-19,47,56,41
2020-04-20,48,49,44
2020-04-21,45,56,56
2020-04-22,38,63,61
2020-04-23,48,56,52
2020-04-24,53,56,52
2020-04-25,55,54,50
2020-04-26,49,49,55
2020-04-27,49,46,47
2020-04-28,54,53,40
2020-04-29,62,55,52
2020-04-30,51,70,65
2020-05-01,48,67,72
2020-05-02,56,65,74
2020-05-03,67,59,69
2020-05-04,51,57,61
2020-05-05,44,60,59
2020-05-06,44,64,63
2020-05-07,50,63,65
2020-05-08,42,69,71
2020-05-09,36,63,70
2020-05-10,47,55,59
2020-05-11,41,53,64
2020-05-12,46,52,64
2020-05-13,51,47,67
2020-05-14,57,57,72
2020-05-15,67,64,69
2020-05-16,65,65,70
2020-05-17,69,67,68
2020-05-18,68,74,67
2020-05-19,62,65,69
2020-05-20,58,53,70
2020-05-21,61,65,69
2020-05-22,62,73,65
2020-05-23,64,68,68
2020-05-24,71,72,72
2020-05-25,74,70,74
2020-05-26,76,68,73
2020-05-27,74,73,77
2020-05-28,72,71,79
2020-05-29,69,67,77
2020-05-30,60,67,76
2020-05-31,56,67,72
2020-06-01,57,63,72
2020-06-02,69,57,70
2020-06-03,77,61,65
2020-06-04,71,66,62
2020-06-05,69,70,55
2020-06-06,74,68,63
2020-06-07,67,71,71
2020-06-08,68,72,72
2020-06-09,76,67,68
2020-06-10,80,63,64
2020-06-11,69,64,69
2020-06-12,68,61,73
2020-06-13,62,61,70
2020-06-14,62,64,69
2020-06-15,65,69,71
2020-06-16,68,70,79
2020-06-17,68,70,82
2020-06-18,71,72,77
2020-06-19,68,69,73
2020-06-20,72,67,71
2020-06-21,76,66,68
2020-06-22,73,69,69
2020-06-23,71,72,72
2020-06-24,68,73,70
2020-06-25,67,76,70
2020-06-26,73,74,71
2020-06-27,72,76,73
2020-06-28,73,77,76
2020-06-29,74,74,79
2020-06-30,76,72,81
2020-07-01,75,79,79
2020-07-02,77,74,80
2020-07-03,79,77,82
2020-07-04,81,75,76
2020-07-05,80,76,72
2020-07-06,82,73,68
2020-07-07,76,75,70
2020-07-08,78,77,73
2020-07-09,80,79,77
2020-07-10,76,71,72
2020-07-11,72,72,71
2020-07-12,73,74,75
2020-07-13,72,76,79
2020-07-14,72,75,78
2020-07-15,76,78,78
2020-07-16,80,74,76
2020-07-17,79,77,70
2020-07-18,79,80,72
2020-07-19,83,82,73
2020-07-20,80,79,71
2020-07-21,76,70,68
2020-07-22,76,69,73
2020-07-23,74,67,76
2020-07-24,77,69,72
2020-07-25,77,72,73
2020-07-26,78,75,71
2020-07-27,79,77,68
2020-07-28,76,78,69
2020-07-29,77,74,70
2020-07-30,74,73,69
2020-07-31,77,75,70
2020-08-01,72,74,71
2020-08-02,72,74,71
2020-08-03,73,74,75
2020-08-04,69,74,75
2020-08-05,68,75,78
2020-08-06,71,71,77
2020-08-07,74,72,73
2020-08-08,73,70,73
2020-08-09,74,68,70
2020-08-10,78,68,72
2020-08-11,77,73,72
2020-08-12,78,69,68
2020-08-13,79,74,67
2020-08-14,80,72,73
2020-08-15,71,73,72
2020-08-16,71,74,70
2020-08-17,72,78,73
2020-08-18,70,76,68
2020-08-19,68,77,71
2020-08-20,69,74,72
2020-08-21,73,72,67
2020-08-22,76,67,64
2020-08-23,75,65,66
2020-08-24,78,64,68
2020-08-25,77,67,73
2020-08-26,72,68,79
2020-08-27,76,72,83
2020-08-28,72,67,81
2020-08-29,72,73,76
2020-08-30,67,69,77
2020-08-31,67,68,78
2020-09-01,74,69,81
2020-09-02,74,71,83
2020-09-03,69,72,83
2020-09-04,69,66,83
2020-09-05,65,66,80
2020-09-06,68,64,77
2020-09-07,68,64,64
2020-09-08,73,67,58
2020-09-09,75,72,65
2020-09-10,74,78,64
2020-09-11,68,75,67
2020-09-12,70,74,73
2020-09-13,70,70,74
2020-09-14,63,67,73
2020-09-15,56,73,72
2020-09-16,60,70,68
2020-09-17,63,65,71
2020-09-18,58,64,71
2020-09-19,51,67,71
2020-09-20,53,74,76
2020-09-21,54,76,59
2020-09-22,54,70,59
2020-09-23,63,62,61
2020-09-24,64,64,66
2020-09-25,65,67,67
2020-09-26,66,64,57
2020-09-27,67,72,60
2020-09-28,69,68,56
2020-09-29,56,70,60
2020-09-30,56,77,67
2020-10-01,53,76,70
2020-10-02,49,75,67
2020-10-03,48,58,68
2020-10-04,53,54,59
2020-10-05,51,62,70
2020-10-06,53,55,73
2020-10-07,62,56,74
2020-10-08,54,56,73
2020-10-09,58,58,71
2020-10-10,66,62,65
2020-10-11,65,53,48
2020-10-12,62,49,43
2020-10-13,57,53,48
2020-10-14,56,52,55
2020-10-15,60,50,43
2020-10-16,48,45,46
2020-10-17,45,46,41
2020-10-18,53,48,45
2020-10-19,54,55,48
2020-10-20,57,58,37
2020-10-21,64,57,43
2020-10-22,66,50,48
2020-10-23,67,53,41
2020-10-24,50,51,38
2020-10-25,45,51,43
2020-10-26,49,58,43
2020-10-27,48,53,45
2020-10-28,49,58,44
2020-10-29,48,55,47
2020-10-30,42,58,58
2020-10-31,38,36,55
2020-11-01,43,38,50
2020-11-02,37,40,41
2020-11-03,45,46,44
2020-11-04,53,44,53
2020-11-05,56,40,54
2020-11-06,55,39,45
2020-11-07,53,29,37
2020-11-08,55,32,39
2020-11-09,57,46,29
2020-11-10,64,48,30
2020-11-11,60,26,34
2020-11-12,45,21,34
2020-11-13,42,32,29
2020-11-14,39,33,31
2020-11-15,50,34,32
2020-11-16,42,35,36
2020-11-17,35,39,39
2020-11-18,34,38,37
2020-11-19,48,38,33
2020-11-20,57,41,31
2020-11-21,46,42,23
2020-11-22,47,34,34
2020-11-23,37,36,40
2020-11-24,38,43,47
2020-11-25,46,50,40
2020-11-26,51,48,27
2020-11-27,47,37,24
2020-11-28,41,35,27
2020-11-29,40,37,36
2020-11-30,40,41,40
2020-12-01,30,34,53
2020-12-02,31,32,39
2020-12-03,33,33,31
2020-12-04,39,34,29
2020-12-05,36,37,30
2020-12-06,31,30,25
2020-12-07,29,39,22
2020-12-08,32,50,24
2020-12-09,35,39,23
2020-12-10,40,24,27
2020-12-11,46,26,34
2020-12-12,51,34,39
2020-12-13,41,37,42
2020-12-14,33,32,45
2020-12-15,29,31,40
2020-12-16,29,31,36
2020-12-17,29,22,32
2020-12-18,30,19,32
2020-12-19,31,25,38
2020-12-20,34,32,41
2020-12-21,36,37,33
2020-12-22,36,38,36
2020-12-23,40,31,31
2020-12-24,43,36,27
2020-12-25,17,48,35
2020-12-26,17,53,39
2020-12-27,30,41,52
2020-12-28,40,49,33
2020-12-29,29,50,34
2020-12-30,41,34,41
2020-12-31,32,32,43
2021-01-01,33,40,37
2021-01-02,41,48,33
2021-01-03,37,40,34
2021-01-04,34,31,41
2021-01-05,33,38,37
2021-01-06,33,32,37
2021-01-07,32,29,50
2021-01-08,28,30,29
2021-01-09,28,49,22
2021-01-10,29,60,23
2021-01-11,31,44,25
2021-01-12,26,39,26
2021-01-13,33,41,27
2021-01-14,40,43,26
2021-01-15,37,35,29
2021-01-16,29,25,28
2021-01-17,33,34,33
2021-01-18,30,22,32
2021-01-19,33,19,16
2021-01-20,26,19,5
2021-01-21,35,23,18
2021-01-22,31,32,42
2021-01-23,21,40,31
2021-01-24,21,39,19
2021-01-25,29,32,20
2021-01-26,36,33,25
2021-01-27,29,32,26
2021-01-28,21,30,23
2021-01-29,19,28,2
2021-01-30,21,33,2
2021-01-31,29,32,10
2021-02-01,29,42,23
2021-02-02,27,50,41
2021-02-03,27,48,49
2021-02-04,25,33,48
2021-02-05,32,36,48
2021-02-06,25,28,53
2021-02-07,20,28,31
2021-02-08,19,33,20
2021-02-09,25,42,24
2021-02-10,22,35,33
2021-02-11,23,32,39
2021-02-12,24,33,28
2021-02-13,26,19,36
2021-02-14,25,23,42
2021-02-15,26,35,26
2021-02-16,24,35,28
2021-02-17,17,46,27
2021-02-18,26,32,22
2021-02-19,25,23,31
2021-02-20,17,23,40
2021-02-21,21,34,35
2021-02-22,36,40,38
2021-02-23,39,46,44
2021-02-24,44,44,28
2021-02-25,35,43,27
2021-02-26,36,25,36
2021-02-27,44,25,28
2021-02-28,47,24,31
2021-03-01,40,34,34
2021-03-02,28,49,29
2021-03-03,41,48,20
2021-03-04,31,41,13
2021-03-05,27,38,15
2021-03-06,29,35,24
2021-03-07,29,34,29
2021-03-08,38,45,35
2021-03-09,54,57,49
2021-03-10,56,50,39
2021-03-11,59,41,34
2021-03-12,49,52,44
2021-03-13,37,52,61
2021-03-14,40,37,50
2021-03-15,33,39,35
2021-03-16,48,40,34
2021-03-17,50,42,35
2021-03-18,45,44,36
2021-03-19,38,56,41
2021-03-20,42,60,45
2021-03-21,48,33,36
2021-03-22,52,38,34
2021-03-23,54,43,43
2021-03-24,62,40,42
2021-03-25,61,46,34
2021-03-26,56,53,41
2021-03-27,55,53,51
2021-03-28,51,60,54
2021-03-29,41,66,57
2021-03-30,56,48,32
2021-03-31,51,42,33
2021-04-01,31,45,40
2021-04-02,30,43,47
2021-04-03,40,47,47
2021-04-04,54,49,48
2021-04-05,54,52,55
2021-04-06,63,50,58
2021-04-07,68,55,64
2021-04-08,67,60,59
2021-04-09,64,47,49
2021-04-10,65,37,55
2021-04-11,60,43,64
2021-04-12,51,53,60
2021-04-13,55,53,58
2021-04-14,55,40,43
2021-04-15,44,37,52
2021-04-16,41,35,65
2021-04-17,44,39,68
2021-04-18,46,41,64
2021-04-19,53,47,56
2021-04-20,51,48,49
2021-04-21,35,45,56
2021-04-22,38,38,63
2021-04-23,47,48,56
2021-04-24,49,53,56
2021-04-25,50,55,54
2021-04-26,48,49,49
2021-04-27,67,49,46
2021-04-28,71,54,53
2021-04-29,62,62,55
2021-04-30,49,51,70
2021-05-01,50,48,67
2021-05-02,68,56,65
2021-05-03,62,67,59
2021-05-04,65,51,57
2021-05-05,50,44,60
2021-05-06,48,44,64
2021-05-07,46,50,63
2021-05-08,45,42,69
2021-05-09,41,36,63
2021-05-10,48,47,55
2021-05-11,48,41,53
2021-05-12,50,46,52
2021-05-13,53,51,47
2021-05-14,55,57,57
2021-05-15,57,67,64
2021-05-16,59,65,65
2021-05-17,59,69,67
2021-05-18,64,68,74
2021-05-19,68,62,65
2021-05-20,72,58,53
2021-05-21,74,61,65
2021-05-22,72,62,73
2021-05-23,76,64,68
2021-05-24,71,71,72
2021-05-25,75,74,70
2021-05-26,73,76,68
2021-05-27,66,74,73
2021-05-28,59,72,71
2021-05-29,48,69,67
2021-05-30,51,60,67
2021-05-31,59,56,67
2021-06-01,64,57,63
2021-06-02,64,69,57
2021-06-03,66,77,61
2021-06-04,70,71,66
2021-06-05,76,69,70
2021-06-06,76,74,68
2021-06-07,75,67,71
2021-06-08,76,68,72
2021-06-09,74,76,67
2021-06-10,72,80,63
2021-06-11,71,69,64
2021-06-12,71,68,61
2021-06-13,74,62,61
2021-06-14,68,62,64
2021-06-15,65,65,69
2021-06-16,62,68,70
2021-06-17,64,68,70
2021-06-18,71,71,72
2021-06-19,73,68,69
2021-06-20,77,72,67
2021-06-21,74,76,66
2021-06-22,60,73,69
2021-06-23,62,71,72
2021-06-24,70,68,73
2021-06-25,73,67,76
2021-06-26,76,73,74
2021-06-27,79,72,76
2021-06-28,82,73,77
2021-06-29,82,74,74
2021-06-30,73,76,72
2021-07-01,69,75,79
2021-07-02,64,77,74
2021-07-03,67,79,77
2021-07-04,72,81,75
2021-07-05,77,80,76
2021-07-06,81,82,73
2021-07-07,76,76,75
2021-07-08,70,78,77
2021-07-09,70,80,79
2021-07-10,66,76,71
2021-07-11,72,72,72
2021-07-12,76,73,74
2021-07-13,75,72,76
2021-07-14,76,72,75
2021-07-15,76,76,78
2021-07-16,74,80,74
2021-07-17,70,79,77
2021-07-18,71,79,80
2021-07-19,73,83,82
2021-07-20,74,80,79
2021-07-21,71,76,70
2021-07-22,68,76,69
2021-07-23,71,74,67
2021-07-24,73,77,69
2021-07-25,77,77,72
2021-07-26,78,78,75
2021-07-27,75,79,77
2021-07-28,76,76,78
2021-07-29,73,77,74
2021-07-30,72,74,73
2021-07-31,67,77,75
2021-08-01,67,72,74
2021-08-02,67,72,74
2021-08-03,69,73,74
2021-08-04,71,69,74
2021-08-05,72,68,75
2021-08-06,74,71,71
2021-08-07,76,74,72
2021-08-08,76,73,70
2021-08-09,79,74,68
2021-08-10,73,78,68
2021-08-11,75,77,73
2021-08-12,77,78,69
2021-08-13,76,79,74
2021-08-14,73,80,72
2021-08-15,69,71,73
2021-08-16,70,71,74
2021-08-17,73,72,78
2021-08-18,72,70,76
2021-08-19,72,68,77
2021-08-20,74,69,74
2021-08-21,74,73,72
2021-08-22,75,76,67
2021-08-23,78,75,65
2021-08-24,77,78,64
2021-08-25,76,77,67
2021-08-26,76,72,68
2021-08-27,78,76,72
2021-08-28,79,72,67
2021-08-29,77,72,73
2021-08-30,74,67,69
2021-08-31,71,67,68
2021-09-01,66,74,69
2021-09-02,63,74,71
2021-09-03,62,69,72
2021-09-04,68,69,66
2021-09-05,67,65,66
2021-09-06,66,68,64
2021-09-07,68,68,64
2021-09-08,67,73,67
2021-09-09,64,75,72
2021-09-10,62,74,78
2021-09-11,64,68,75
2021-09-12,73,70,74
2021-09-13,73,70,70
2021-09-14,74,63,67
2021-09-15,71,56,73
2021-09-16,67,60,70
2021-09-17,73,63,65
2021-09-18,74,58,64
2021-09-19,71,51,67
2021-09-20,71,53,74
2021-09-21,69,54,76
2021-09-22,68,54,70
2021-09-23,56,63,62
2021-09-24,59,64,64
2021-09-25,58,65,67
2021-09-26,60,66,64
2021-09-27,67,67,72
2021-09-28,66,69,68
2021-09-29,60,56,70
2021-09-30,57,56,77
2021-10-01,56,53,76
2021-10-02,59,49,75
2021-10-03,66,48,58
2021-10-04,67,53,54
2021-10-05,66,51,62
2021-10-06,69,53,55
2021-10-07,70,62,56
2021-10-08,69,54,56
2021-10-09,65,58,58
2021-10-10,66,66,62
2021-10-11,66,65,53
2021-10-12,66,62,49
2021-10-13,63,57,53
2021-10-14,65,56,52
2021-10-15,70,60,50
2021-10-16,58,48,45
2021-10-17,51,45,46
2021-10-18,51,53,48
2021-10-19,54,54,55
2021-10-20,59,57,58
2021-10-21,58,64,57
2021-10-22,50,66,50
2021-10-23,47,67,53
2021-10-24,52,50,51
2021-10-25,60,45,51
2021-10-26,48,49,58
2021-10-27,49,48,53
2021-10-28,54,49,58
2021-10-29,51,48,55
2021-10-30,51,42,58
2021-10-31,52,38,36
2021-11-01,46,43,38
2021-11-02,42,37,40
2021-11-03,37,45,46
2021-11-04,37,53,44
2021-11-05,36,56,40
2021-11-06,38,55,39
2021-11-07,42,53,29
2021-11-08,50,55,32
2021-11-09,56,57,46
2021-11-10,52,64,48
2021-11-11,57,60,26
2021-11-12,49,45,21
2021-11-13,37,42,32
2021-11-14,35,39,33
2021-11-15,36,50,34
2021-11-16,37,42,35
2021-11-17,54,35,39
2021-11-18,47,34,38
2021-11-19,32,48,38
2021-11-20,37,57,41
2021-11-21,41,46,42
2021-11-22,35,47,34
2021-11-23,28,37,36
2021-11-24,34,38,43
2021-11-25,45,46,50
2021-11-26,31,51,48
2021-11-27,31,47,37
2021-11-28,36,41,35
2021-11-29,34,40,37
2021-11-30,38,40,41
2021-12-01,40,30,34
2021-12-02,50,31,32
2021-12-03,38,33,33
2021-12-04,39,39,34
2021-12-05,40,36,37
2021-12-06,45,31,30
2021-12-07,26,29,39
2021-12-08,28,32,50
2021-12-09,31,35,39
2021-12-10,50,40,24
2021-12-11,52,46,26
2021-12-12,36,51,34
2021-12-13,38,41,37
2021-12-14,39,33,32
2021-12-15,42,29,31
2021-12-18,43,29,31
2021-12-19,32,29,22
2021-12-20,33,30,19
2021-12-21,33,31,25
2021-12-22,30,34,32
2021-12-23,30,36,37
2021-12-24,52,36,38
2021-12-25,53,40,31
2021-12-26,39,43,36
2021-12-27,41,17,48
2021-12-28,41,17,53
2021-12-29,46,30,41
2021-12-30,46,40,49
2021-12-31,49,29,50
2022-01-01,53,41,34
2022-01-02,35,32,32
2022-01-03,24,33,40
2022-01-04,28,41,48
2022-01-05,41,37,40
2022-01-06,21,34,31
2022-01-07,17,33,38
2022-01-08,21,33,32
2022-01-09,36,32,29
2022-01-10,20,28,30
2022-01-11,18,28,49
2022-01-12,36,29,60
2022-01-13,37,31,44
2022-01-14,31,26,39
2022-01-15,18,33,41
2022-01-16,20,40,43
2022-01-17,26,37,35
2022-01-18,27,29,25
2022-01-19,38,33,34
2022-01-20,21,30,22
2022-01-21,13,33,19
2022-01-22,14,26,19
2022-01-23,24,35,23
2022-01-24,22,31,32
2022-01-25,22,21,40
2022-01-26,11,21,39
2022-01-27,17,29,32
2022-01-28,24,36,33
2022-01-29,10,29,32
2022-01-30,14,21,30
2022-01-31,20,19,28
2022-02-01,32,21,33
2022-02-02,39,29,32
2022-02-03,33,29,42
2022-02-04,22,27,50
2022-02-05,15,27,48
2022-02-06,23,25,33
2022-02-07,30,32,36
2022-02-08,25,25,28
2022-02-09,38,20,28
2022-02-10,37,19,33
2022-02-11,42,25,42
2022-02-12,33,22,35
2022-02-13,22,23,32
2022-02-14,17,24,33
2022-02-15,23,26,19
2022-02-16,46,25,23
2022-02-17,52,26,35
2022-02-18,25,24,35
2022-02-19,23,17,46
2022-02-20,31,26,32
2022-02-21,51,25,23
2022-02-22,54,17,23
2022-02-23,37,21,34
2022-02-24,30,36,40
2022-02-25,30,39,46
2022-02-26,27,44,44
2022-02-27,33,35,43
2022-02-28,33,36,25
2022-03-01,44,44,25
2022-03-02,44,47,24
2022-03-03,30,40,34
2022-03-04,30,28,49
2022-03-05,50,41,48
2022-03-06,63,31,41
2022-03-07,51,27,38
2022-03-08,34,29,35
2022-03-09,33,29,34
2022-03-10,37,38,45
2022-03-11,41,54,57
2022-03-12,20,56,50
2022-03-13,24,59,41
2022-03-14,43,49,52
2022-03-15,49,37,52
2022-03-16,53,40,37
2022-03-17,57,33,39
2022-03-18,58,48,40
2022-03-19,53,50,42
2022-03-20,43,45,44
2022-03-21,51,38,56
2022-03-22,49,42,60
2022-03-23,52,48,33
2022-03-24,52,52,38
2022-03-25,41,54,43
2022-03-26,35,62,40
2022-03-27,27,61,46
2022-03-28,22,56,53
2022-03-29,28,55,53
2022-03-30,51,51,60
2022-03-31,61,41,66
2022-04-01,38,56,48
2022-04-02,41,51,42
2022-04-03,39,31,45
2022-04-04,39,30,43
2022-04-05,48,40,47
2022-04-06,53,54,49
2022-04-07,49,54,52
2022-04-08,42,63,50
2022-04-09,39,68,55
2022-04-10,41,67,60
2022-04-11,48,64,47
2022-04-12,56,65,37
2022-04-13,67,60,43
2022-04-14,58,51,53
2022-04-15,58,55,53
2022-04-16,51,55,40
2022-04-17,39,44,37
2022-04-18,37,41,35
2022-04-19,35,44,39
2022-04-20,43,46,41
2022-04-21,54,53,47
2022-04-22,56,51,48
2022-04-23,68,35,45
2022-04-24,73,38,38
2022-04-25,71,47,48
2022-04-26,51,49,53
2022-04-27,39,50,55
2022-04-28,41,48,49
2022-04-29,48,67,49
2022-04-30,57,71,54
2022-05-01,61,62,62
2022-05-02,58,49,51
2022-05-03,57,50,48
2022-05-04,58,68,56
2022-05-05,58,62,67
2022-05-06,54,65,51
2022-05-07,50,50,44
2022-05-08,53,48,44
2022-05-09,58,46,50
2022-05-10,63,45,42
2022-05-11,66,41,36
2022-05-12,67,48,47
2022-05-13,69,48,41
2022-05-14,69,50,46
2022-05-15,70,53,51
2022-05-16,62,55,57
2022-05-17,60,57,67
2022-05-18,54,59,65
2022-05-19,65,59,69
2022-05-20,72,64,68
2022-05-21,77,68,62
2022-05-22,65,72,58
2022-05-23,57,74,61
2022-05-24,61,72,62
2022-05-25,64,76,64
2022-05-26,66,71,71
2022-05-27,65,75,74
2022-05-28,62,73,76
2022-05-29,67,66,74
2022-05-30,74,59,72
2022-05-31,77,48,69
2022-06-01,77,51,60
2022-06-02,66,59,56
2022-06-03,64,64,57
2022-06-04,64,64,69
2022-06-05,66,66,77
2022-06-06,70,70,71
2022-06-07,67,76,69
2022-06-08,65,76,74
2022-06-09,63,75,67
2022-06-10,65,76,68
2022-06-11,65,74,76
2022-06-12,69,72,80
2022-06-13,76,71,69
2022-06-14,73,71,68
2022-06-15,81,74,62
2022-06-16,80,68,62
2022-06-17,77,65,65
2022-06-18,62,62,68
2022-06-19,62,64,68
2022-06-20,64,71,71
2022-06-21,76,73,68
2022-06-22,79,77,72
2022-06-23,73,74,76
2022-06-24,72,60,73
2022-06-25,76,62,71
2022-06-26,75,70,68
2022-06-27,69,73,67
2022-06-28,66,76,73
2022-06-29,70,79,72
2022-06-30,74,82,73
2022-07-01,77,82,74
2022-07-02,74,73,76
2022-07-03,74,69,75
2022-07-04,73,64,77
2022-07-05,75,67,79
2022-07-06,75,72,81
2022-07-07,76,77,80
2022-07-08,72,81,82
2022-07-09,75,76,76
2022-07-10,74,70,78
2022-07-11,76,70,80
2022-07-12,79,66,76
2022-07-13,73,72,72
2022-07-14,70,76,73
2022-07-15,72,75,72
2022-07-16,69,76,72
2022-07-17,70,76,76
2022-07-18,71,74,80
2022-07-19,76,70,79
2022-07-20,79,71,79
2022-07-21,76,73,83
2022-07-22,78,74,80
2022-07-23,74,71,76
2022-07-24,79,68,76
2022-07-25,77,71,74
2022-07-26,70,73,77
2022-07-27,72,77,77
2022-07-28,76,78,78
2022-07-29,72,75,79
2022-07-30,72,76,76
2022-07-31,68,73,77
2022-08-01,69,72,74
2022-08-02,74,67,77
2022-08-03,76,67,72
2022-08-04,76,67,72
2022-08-05,76,69,73
2022-08-06,74,71,69
2022-08-07,77,72,68
2022-08-08,77,74,71
2022-08-09,74,76,74
2022-08-10,70,76,73
2022-08-11,69,79,74
2022-08-12,68,73,78
2022-08-13,65,75,77
2022-08-14,66,77,78
2022-08-15,67,76,79
2022-08-16,69,73,80
2022-08-17,67,69,71
2022-08-18,69,70,71
2022-08-19,72,73,72
2022-08-20,75,72,70
2022-08-21,69,72,68
2022-08-22,68,74,69
2022-08-23,71,74,73
2022-08-24,72,75,76
2022-08-25,73,78,75
2022-08-26,73,77,78
2022-08-27,71,76,77
2022-08-28,74,76,72
2022-08-29,76,78,76
2022-08-30,71,79,72
2022-08-31,68,77,72
2022-09-01,71,74,67
2022-09-02,72,71,67
2022-09-03,73,66,74
2022-09-04,71,63,74
2022-09-05,70,62,69
2022-09-06,69,68,69
2022-09-07,68,67,65
2022-09-08,69,66,68
2022-09-09,69,68,68
2022-09-10,68,67,73
2022-09-11,68,64,75
2022-09-12,68,62,74
2022-09-13,60,64,68
2022-09-14,63,73,70
2022-09-15,65,73,70
2022-09-16,65,74,63
2022-09-17,67,71,56
2022-09-18,70,67,60
2022-09-19,68,73,63
2022-09-20,68,74,58
2022-09-21,71,71,51
2022-09-22,60,71,53
2022-09-23,52,69,54
2022-09-24,56,68,54
2022-09-25,61,56,63
2022-09-26,57,59,64
2022-09-27,50,58,65
2022-09-28,50,60,66
2022-09-29,52,67,67
2022-09-30,51,66,69
2022-10-01,52,60,56
2022-10-02,56,57,56
2022-10-03,51,56,53
2022-10-04,52,59,49
2022-10-05,56,66,48
2022-10-06,56,67,53
2022-10-07,52,66,51
2022-10-08,46,69,53
2022-10-09,47,70,62
2022-10-10,53,69,54
2022-10-11,56,65,58
2022-10-12,59,66,66
2022-10-13,55,66,65
2022-10-14,49,66,62
2022-10-15,53,63,57
2022-10-16,51,65,56
2022-10-17,47,70,60
2022-10-18,39,58,48
2022-10-19,38,51,45
2022-10-20,42,51,53
2022-10-21,49,54,54
2022-10-22,43,59,57
2022-10-23,54,58,64
2022-10-24,55,50,66
2022-10-25,58,47,67
2022-10-26,54,52,50
2022-10-27,47,60,45
2022-10-28,46,48,49
2022-10-29,49,49,48
2022-10-30,50,54,49
2022-10-31,55,51,48
2022-11-01,57,51,42
2022-11-02,50,52,38
2022-11-03,53,46,43
2022-11-04,59,42,37
2022-11-05,67,37,45
2022-11-06,67,37,53
2022-11-07,55,36,56
2022-11-08,46,38,55
2022-11-09,50,42,53
2022-11-10,54,50,55
2022-11-11,58,56,57
2022-11-12,43,52,64
2022-11-13,35,57,60
2022-11-14,35,49,45
2022-11-15,32,37,42
2022-11-16,34,35,39
2022-11-17,31,36,50
2022-11-18,28,37,42